date,name,total,total_ytd,multi_total,multi_total_ytd,rt,multi_rt,zori,lat,lng,pop_2023,total_pc,total_ytd_pc,multi_total_pc,multi_total_ytd_pc,rt_pc,multi_rt_pc,zori_yoy,state,region
2024-01-01,"Birmingham, AL",579.0,579.0,317.0,317.0,579.0,317.0,1281.195452821455,33.5279,-86.7971,1184290.0,0.48890052267603373,0.48890052267603373,0.26767092519568686,0.26767092519568686,0.48890052267603373,0.26767092519568686,,AL,Southeast
2024-02-01,"Birmingham, AL",280.0,863.0,0.0,317.0,859.0,317.0,1283.1607995921493,33.5279,-86.7971,1184290.0,0.2364285774599127,0.7287066512425165,0.0,0.26767092519568686,0.7253291001359464,0.26767092519568686,,AL,Southeast
2024-03-01,"Birmingham, AL",332.0,1182.0,54.0,371.0,1191.0,371.0,1288.8438342941904,33.5279,-86.7971,1184290.0,0.28033674184532503,0.9980663519914886,0.04559693993869745,0.3132678651343843,1.0056658419812716,0.3132678651343843,,AL,Southeast
2024-04-01,"Birmingham, AL",277.0,1458.0,29.0,400.0,1468.0,400.0,1295.8316175335135,33.5279,-86.7971,1184290.0,0.23389541412998505,1.231117378344831,0.024487245522633812,0.33775511065701813,1.2395612561112566,0.33775511065701813,,AL,Southeast
2024-05-01,"Birmingham, AL",332.0,1794.0,23.0,423.0,1800.0,423.0,1302.305579649823,33.5279,-86.7971,1184290.0,0.28033674184532503,1.5148316712967262,0.019420918862778542,0.35717602951979666,1.5198979979565816,0.35717602951979666,,AL,Southeast
2024-06-01,"Birmingham, AL",301.0,2093.0,26.0,449.0,2101.0,449.0,1301.1088885349895,33.5279,-86.7971,1184290.0,0.25416072076940616,1.7673036165128473,0.02195408219270618,0.3791301117125028,1.7740587187259877,0.3791301117125028,,AL,Southeast
2024-07-01,"Birmingham, AL",299.0,2405.0,28.0,477.0,2400.0,477.0,1307.9852280057798,33.5279,-86.7971,1184290.0,0.2524719452161211,2.0307526028253218,0.023642857745991272,0.4027729694584941,2.0265306639421086,0.4027729694584941,,AL,Southeast
2024-08-01,"Birmingham, AL",298.0,2694.0,30.0,507.0,2698.0,507.0,1314.5578252566545,33.5279,-86.7971,1184290.0,0.2516275574394785,2.274780670275017,0.02533163329927636,0.42810460275777046,2.278158221381587,0.42810460275777046,,AL,Southeast
2024-09-01,"Birmingham, AL",271.0,2970.0,22.0,529.0,2969.0,529.0,1322.9061576738343,33.5279,-86.7971,1184290.0,0.22882908747012978,2.5078316966283594,0.018576531086135994,0.4466811338439065,2.506987308851717,0.4466811338439065,,AL,Southeast
2024-10-01,"Birmingham, AL",315.0,3272.0,23.0,552.0,3284.0,552.0,1334.5765434516677,33.5279,-86.7971,1184290.0,0.26598214964240174,2.7628368051744085,0.019420918862778542,0.46610205270668503,2.7729694584941185,0.46610205270668503,,AL,Southeast
2024-11-01,"Birmingham, AL",217.0,3486.0,21.0,573.0,3501.0,573.0,1342.8816172987326,33.5279,-86.7971,1184290.0,0.18323214753143233,2.943535789375913,0.01773214330949345,0.4838341960161785,2.956201606025551,0.4838341960161785,,AL,Southeast
2024-12-01,"Birmingham, AL",255.0,3748.0,25.0,598.0,3756.0,598.0,1343.885932707014,33.5279,-86.7971,1184290.0,0.21531888304384905,3.16476538685626,0.021109694416063633,0.5049438904322422,3.1715204890694,0.5049438904322422,,AL,Southeast
2024-01-01,"Cleveland, OH",238.0,238.0,34.0,34.0,238.0,34.0,1263.022086331012,41.4764,-81.6805,2063132.0,0.11535859072516931,0.11535859072516931,0.016479798675024186,0.016479798675024186,0.11535859072516931,0.016479798675024186,,OH,Midwest
2024-02-01,"Cleveland, OH",268.0,507.0,55.0,89.0,506.0,89.0,1272.4895120821477,41.4764,-81.6805,2063132.0,0.129899589556073,0.24574288024227242,0.026658497856656773,0.043138296531680956,0.2452581802812423,0.043138296531680956,,OH,Midwest
2024-03-01,"Cleveland, OH",268.0,757.0,34.0,110.0,774.0,123.0,1284.8379629708186,41.4764,-81.6805,2063132.0,0.129899589556073,0.36691787049980323,0.016479798675024186,0.053316995713313546,0.3751577698373153,0.05961809520670515,,OH,Midwest
2024-04-01,"Cleveland, OH",354.0,1242.0,51.0,273.0,1128.0,174.0,1288.9600124459023,41.4764,-81.6805,2063132.0,0.1715837862046636,0.6019973515994129,0.02471969801253628,0.1323230893612236,0.5467415560419788,0.08433779321924142,,OH,Midwest
2024-05-01,"Cleveland, OH",321.0,1536.0,68.0,322.0,1449.0,242.0,1298.702308704295,41.4764,-81.6805,2063132.0,0.15558868749066954,0.7444991401422691,0.03295959735004837,0.15607338745169963,0.7023302435326484,0.1172973905692898,,OH,Midwest
2024-06-01,"Cleveland, OH",331.0,1848.0,85.0,421.0,1780.0,327.0,1305.299640549008,41.4764,-81.6805,2063132.0,0.16043568710097078,0.8957255279836676,0.04119949668756047,0.20405868359368184,0.8627659306336192,0.15849688725685027,,OH,Midwest
2024-07-01,"Cleveland, OH",344.0,2127.0,80.0,448.0,2124.0,407.0,1318.6678121681575,41.4764,-81.6805,2063132.0,0.16673678659436236,1.030956817111072,0.038775996882409854,0.21714558254149516,1.0295027172279816,0.1972728841392601,,OH,Midwest
2024-08-01,"Cleveland, OH",264.0,2348.0,23.0,430.0,2388.0,430.0,1327.162582523081,41.4764,-81.6805,2063132.0,0.12796078971195252,1.138075508498729,0.011148099103692832,0.20842098324295294,1.1574635069399342,0.20842098324295294,,OH,Midwest
2024-09-01,"Cleveland, OH",347.0,2705.0,93.0,523.0,2735.0,523.0,1332.2924391923964,41.4764,-81.6805,2063132.0,0.16819088647745273,1.311113394586483,0.04507709637580145,0.2534980796187544,1.3256543934173868,0.2534980796187544,,OH,Midwest
2024-10-01,"Cleveland, OH",401.0,3106.0,124.0,647.0,3136.0,647.0,1336.4931941661555,41.4764,-81.6805,2063132.0,0.19436468437307938,1.5054780789595623,0.06010279516773527,0.3136008747864896,1.520019077790466,0.3136008747864896,,OH,Midwest
2024-11-01,"Cleveland, OH",289.0,3620.0,41.0,898.0,3425.0,688.0,1336.4589508133813,41.4764,-81.6805,2063132.0,0.1400782887377056,1.7546138589290456,0.01987269840223505,0.4352605650050506,1.6600973665281717,0.3334735731887247,,OH,Midwest
2024-12-01,"Cleveland, OH",213.0,3833.0,56.0,954.0,3638.0,744.0,1344.4929830707013,41.4764,-81.6805,2063132.0,0.10324109169941623,1.8578549506284618,0.027143197817686895,0.46240376282273743,1.763338458227588,0.3606167710064116,,OH,Midwest
2019-11-01,"Columbus, OH",898.0,7332.0,580.0,3736.0,898.0,580.0,1067.7604475649575,39.9862,-82.9855,2180271.0,0.4118754044795349,3.3628847056168705,0.26602197616718287,1.7135484533803367,0.4118754044795349,0.26602197616718287,,OH,Midwest
2019-12-01,"Columbus, OH",602.0,8427.0,249.0,4449.0,1500.0,829.0,1069.9012124710248,39.9862,-82.9855,2180271.0,0.2761124649183519,3.865115850277328,0.1142059863200492,2.0405720206341322,0.6879878693978867,0.38022796248723206,,OH,Midwest
2020-01-01,"Columbus, OH",1204.0,1204.0,890.0,890.0,2704.0,1719.0,1069.5013862516346,39.9862,-82.9855,2180271.0,0.5522249298367038,0.5522249298367038,0.4082061358427462,0.4082061358427462,1.2402127992345904,0.7884340983299782,,OH,Midwest
2020-02-01,"Columbus, OH",809.0,2026.0,527.0,1427.0,3513.0,2246.0,1074.7977441809346,39.9862,-82.9855,2180271.0,0.3710547908952603,0.9292422822667458,0.24171307144845755,0.6545057930871897,1.6112675901298508,1.030147169778436,,OH,Midwest
2020-03-01,"Columbus, OH",462.0,2122.0,97.0,1127.0,3975.0,2343.0,1080.6665963108003,39.9862,-82.9855,2180271.0,0.21190026377454912,0.9732735059082105,0.04448988222106335,0.5169082192076123,1.8231678539044,1.0746370519994992,,OH,Midwest
2020-04-01,"Columbus, OH",748.0,2893.0,394.0,1533.0,4723.0,2737.0,1091.301939723202,39.9862,-82.9855,2180271.0,0.3430766175397462,1.3268992707787244,0.18071148036184492,0.7031236025246402,2.1662444714441462,1.255348532361344,,OH,Midwest
2020-05-01,"Columbus, OH",969.0,3856.0,664.0,2171.0,5692.0,3401.0,1094.457464717866,39.9862,-82.9855,2180271.0,0.4444401636310349,1.7685874829321677,0.30454929685346455,0.9957477763085415,2.610684635075181,1.5598978292148085,,OH,Midwest
2020-06-01,"Columbus, OH",1136.0,5236.0,727.0,3148.0,6828.0,4128.0,1099.4379434048574,39.9862,-82.9855,2180271.0,0.5210361464239995,2.4015363227782234,0.3334447873681758,1.443857208576365,3.1317207814991805,1.8933426165829845,,OH,Midwest
2020-07-01,"Columbus, OH",1034.0,6270.0,586.0,3734.0,7862.0,4714.0,1100.5341322897773,39.9862,-82.9855,2180271.0,0.4742529713049433,2.875789294083167,0.2687739276447745,1.7126311362211395,3.605973752804124,2.1621165442277586,,OH,Midwest
2020-08-01,"Columbus, OH",824.0,7093.0,303.0,4031.0,8686.0,5017.0,1108.56817033315,39.9862,-82.9855,2180271.0,0.37793466958923916,3.2532653050928073,0.13897354961837313,1.8488527343619212,3.983908422393363,2.3010900938461316,,OH,Midwest
2020-09-01,"Columbus, OH",1033.0,8113.0,452.0,4475.0,9719.0,5469.0,1114.4990247472883,39.9862,-82.9855,2180271.0,0.47379431272534467,3.7210970562833703,0.20731367797856323,2.0524971437036954,4.457702735118708,2.508403771824695,,OH,Midwest
2020-10-01,"Columbus, OH",1726.0,9839.0,1184.0,5659.0,11445.0,6653.0,1118.6404026454975,39.9862,-82.9855,2180271.0,0.7916447083871684,4.512741764670539,0.543051758244732,2.5955489019484275,5.249347443505876,3.051455530069427,,OH,Midwest
2020-11-01,"Columbus, OH",867.0,10987.0,441.0,6387.0,11414.0,6514.0,1125.4264309599782,39.9862,-82.9855,2180271.0,0.39765698851197856,5.039281814049722,0.20226843360297872,2.9294523478962016,5.23512902753832,2.9877019875052233,0.05400648013000375,OH,Midwest
2020-12-01,"Columbus, OH",1052.0,12052.0,596.0,6991.0,11864.0,6861.0,1128.686091073407,39.9862,-82.9855,2180271.0,0.4825088257377179,5.527753201322221,0.27336051344076034,3.206482129973751,5.441525388357685,3.1468565146259344,0.054944211593716874,OH,Midwest
2021-01-01,"Columbus, OH",556.0,556.0,133.0,133.0,11216.0,6104.0,1123.1906859839082,39.9862,-82.9855,2180271.0,0.2550141702568167,0.2550141702568167,0.06100159108661263,0.06100159108661263,5.144314628777798,2.7996519698698004,0.050200308688184814,OH,Midwest
2021-02-01,"Columbus, OH",1104.0,1653.0,634.0,767.0,11511.0,6211.0,1123.0262402670185,39.9862,-82.9855,2180271.0,0.5063590718768447,0.7581626320764712,0.29078953946550684,0.3517911305521194,5.2796189097593835,2.84872843788685,0.044872159759543395,OH,Midwest
2021-03-01,"Columbus, OH",811.0,2464.0,193.0,960.0,11860.0,6307.0,1126.835888134087,39.9862,-82.9855,2180271.0,0.37197210805445746,1.1301347401309287,0.0885211058625281,0.4403122364146475,5.439690754039291,2.8927596615283147,0.042722974857278384,OH,Midwest
2021-04-01,"Columbus, OH",986.0,3617.0,316.0,1439.0,12098.0,6229.0,1143.5204931500452,39.9862,-82.9855,2180271.0,0.45223735948421095,1.6589680824081043,0.14493611115315483,0.6600096960423727,5.548851495983756,2.8569842923196247,0.04784977605747498,OH,Midwest
2021-05-01,"Columbus, OH",674.0,4277.0,122.0,1549.0,11803.0,5687.0,1155.1522624959,39.9862,-82.9855,2180271.0,0.30913588264945047,1.9616827449431746,0.05595634671102812,0.7104621397982177,5.413547215002172,2.608391342177188,0.055456515885411894,OH,Midwest
2021-06-01,"Columbus, OH",854.0,5133.0,137.0,1690.0,11521.0,5097.0,1174.4887261987717,39.9862,-82.9855,2180271.0,0.39169442697719686,2.3542944890795683,0.062836225405007,0.7751329995216191,5.284205495555369,2.3377827802140194,0.06826286398802006,OH,Midwest
2021-07-01,"Columbus, OH",909.0,6027.0,276.0,1953.0,11396.0,4787.0,1190.414611313634,39.9862,-82.9855,2180271.0,0.41692064885511937,2.764335259240709,0.12658976796921118,0.8957602059560485,5.226873173105545,2.195598620538456,0.08166986955402367,OH,Midwest
2021-08-01,"Columbus, OH",1733.0,7814.0,1268.0,3221.0,12305.0,5752.0,1206.8994486250542,39.9862,-82.9855,2180271.0,0.7948553184443585,3.5839581409833916,0.5815790789310137,1.4773392848870621,5.6437938219606645,2.638204149851097,0.08870115607085616,OH,Midwest
2021-09-01,"Columbus, OH",1153.0,8683.0,640.0,3585.0,12425.0,5940.0,1217.1145412174317,39.9862,-82.9855,2180271.0,0.5288333422771756,3.982532446654567,0.2935414909430984,1.6442910078609494,5.6988328515124955,2.7244319628156317,0.09207322231027648,OH,Midwest
2021-10-01,"Columbus, OH",763.0,9454.0,318.0,3903.0,11462.0,5074.0,1226.1328752909424,39.9862,-82.9855,2180271.0,0.34995649623372505,4.336158211525081,0.14585342831235198,1.7901444361733014,5.257144639359052,2.3272336328832517,0.09609207068798287,OH,Midwest
2021-11-01,"Columbus, OH",1316.0,10751.0,877.0,4760.0,11911.0,5510.0,1229.6860700961877,39.9862,-82.9855,2180271.0,0.603594690751746,4.931038389264454,0.4022435743079645,2.183214838889294,5.4630823415988194,2.5272087735882374,0.0926401195742994,OH,Midwest
2021-12-01,"Columbus, OH",1022.0,11967.0,603.0,5552.0,11881.0,5517.0,1233.6307718685218,39.9862,-82.9855,2180271.0,0.46874906834976016,5.488767222056341,0.2765711234979505,2.5464724339313785,5.4493225842108615,2.530419383645427,0.09297951097750312,OH,Midwest
2022-01-01,"Columbus, OH",1027.0,1027.0,643.0,643.0,12352.0,6027.0,1236.912807443083,39.9862,-82.9855,2180271.0,0.4710423612477531,0.4710423612477531,0.29491746668189417,0.29491746668189417,5.665350775201798,2.764335259240709,0.10124916710785836,OH,Midwest
2022-02-01,"Columbus, OH",859.0,1919.0,461.0,1126.0,12107.0,5854.0,1241.468674243906,39.9862,-82.9855,2180271.0,0.3939877198751898,0.8801658142496964,0.21144160519495053,0.5164495606280137,5.552979423200144,2.684987324970153,0.10546720079196525,OH,Midwest
2022-03-01,"Columbus, OH",1009.0,2928.0,403.0,1529.0,12305.0,6064.0,1246.6529316928377,39.9862,-82.9855,2180271.0,0.4627865068149785,1.342952321064675,0.18483940757823225,0.701288968206246,5.6437938219606645,2.7813056266858567,0.10633051788681858,OH,Midwest
2022-04-01,"Columbus, OH",761.0,3689.0,201.0,1730.0,12080.0,5949.0,1256.3589269841186,39.9862,-82.9855,2180271.0,0.34903917907452786,1.691991500139203,0.09219037449931682,0.7934793427055628,5.540595641550981,2.728559890032019,0.09867635473959746,OH,Midwest
2022-05-01,"Columbus, OH",590.0,4262.0,97.0,1829.0,11996.0,5924.0,1271.8996781553042,39.9862,-82.9855,2180271.0,0.2706085619631688,1.9548028662491954,0.04448988222106335,0.8388865420858233,5.5020683208647,2.7170934255420542,0.10106669003716595,OH,Midwest
2022-06-01,"Columbus, OH",973.0,5231.0,469.0,2298.0,12115.0,6256.0,1291.825562183596,39.9862,-82.9855,2180271.0,0.4462747979494292,2.3992430298802305,0.21511087383173927,1.0539974159175627,5.556648691836933,2.8693680739687863,0.09990460816476676,OH,Midwest
2022-07-01,"Columbus, OH",1313.0,6560.0,824.0,3122.0,12519.0,6804.0,1314.9472309013513,39.9862,-82.9855,2180271.0,0.6022187150129502,3.0088002821667583,0.37793466958923916,1.4319320855068016,5.7419467579947625,3.1207129755888143,0.10461281170792613,OH,Midwest
2022-08-01,"Columbus, OH",1315.0,8013.0,812.0,4093.0,12101.0,6348.0,1335.4372893192317,39.9862,-82.9855,2180271.0,0.6031360321721474,3.675231198323511,0.372430766634056,1.8772895662970337,5.550227471722552,2.911564663291857,0.10650252665258297,OH,Midwest
2022-09-01,"Columbus, OH",1025.0,9183.0,639.0,4873.0,11973.0,6347.0,1343.8392781538737,39.9862,-82.9855,2180271.0,0.47012504408855593,4.211861736453863,0.29308283236349975,2.235043258383935,5.491519173533932,2.911106004712258,0.10411899015657489,OH,Midwest
2022-10-01,"Columbus, OH",1066.0,10406.0,684.0,5736.0,12276.0,6713.0,1343.9819135216867,39.9862,-82.9855,2180271.0,0.4889300458520982,4.77280117930294,0.3137224684454364,2.630865612577519,5.630492723152305,3.078975044845343,0.0961144102777447,OH,Midwest
2022-11-01,"Columbus, OH",1291.0,11708.0,1000.0,6736.0,12251.0,6836.0,1332.035302182389,39.9862,-82.9855,2180271.0,0.5921282262617813,5.369974649940306,0.4586585795985912,3.08952419217611,5.619026258662341,3.1353900501359693,0.08323200089450089,OH,Midwest
2022-12-01,"Columbus, OH",582.0,12289.0,271.0,7007.0,11811.0,6504.0,1321.8282995127986,39.9862,-82.9855,2180271.0,0.26693929332638006,5.636455284687087,0.1242964750712182,3.2138206672473286,5.417216483638961,2.983115401709237,0.07149426688723737,OH,Midwest
2023-01-01,"Columbus, OH",355.0,355.0,86.0,86.0,11139.0,5947.0,1319.9306138982834,39.9862,-82.9855,2180271.0,0.16282379575749986,0.16282379575749986,0.039444637845478844,0.039444637845478844,5.108997918148707,2.727642572872822,0.06711694305018368,OH,Midwest
2023-02-01,"Columbus, OH",351.0,745.0,21.0,103.0,10631.0,5507.0,1324.9476612716207,39.9862,-82.9855,2180271.0,0.16098916143910552,0.34170064180095044,0.009631830171570415,0.047241833698654895,4.875999359712623,2.5258327978494415,0.06724212117438744,OH,Midwest
2023-03-01,"Columbus, OH",1586.0,2328.0,1153.0,1256.0,11208.0,6257.0,1332.3740254488089,39.9862,-82.9855,2180271.0,0.7274325072433656,1.0677571733055202,0.5288333422771756,0.5760751759758305,5.14064536014101,2.869826732548385,0.0687609931976576,OH,Midwest
2023-04-01,"Columbus, OH",569.0,2934.0,158.0,1414.0,11016.0,6214.0,1341.6452458177348,39.9862,-82.9855,2180271.0,0.2609767317915984,1.3457042725422665,0.07246805557657741,0.6485432315524079,5.052582912858081,2.8501044136256453,0.06788372096686213,OH,Midwest
2023-05-01,"Columbus, OH",852.0,3794.0,409.0,1823.0,11278.0,6526.0,1354.9089457753162,39.9862,-82.9855,2180271.0,0.3907771098179997,1.7401506509970548,0.18759135905582378,0.8361345906082317,5.172751460712911,2.993205890460406,0.06526400552314326,OH,Midwest
2023-06-01,"Columbus, OH",1499.0,5279.0,1047.0,2854.0,11804.0,7104.0,1373.2904712358038,39.9862,-82.9855,2180271.0,0.6875292108182881,2.4212586417009625,0.48021553283972496,1.3090115861743794,5.414005873581771,3.258310549468392,0.06306184939900561,OH,Midwest
2023-07-01,"Columbus, OH",827.0,6097.0,384.0,3192.0,11318.0,6664.0,1382.318109015472,39.9862,-82.9855,2180271.0,0.37931064532803493,2.7964413598126105,0.17612489456585903,1.464038186078703,5.191097803896855,3.056500774445012,0.051234662905780715,OH,Midwest
2023-08-01,"Columbus, OH",1633.0,8033.0,1120.0,4629.0,11636.0,6972.0,1390.1003103161172,39.9862,-82.9855,2180271.0,0.7489894604844994,3.684404369915483,0.5136976091504221,2.1231305649618784,5.336951232209207,3.197767616961378,0.04093267533719325,OH,Midwest
2023-09-01,"Columbus, OH",1271.0,8962.0,850.0,5165.0,11882.0,7183.0,1395.5555417481496,39.9862,-82.9855,2180271.0,0.5829550546698093,4.110498190362574,0.38985979265880255,2.3689715636267237,5.44978124279046,3.2945445772566804,0.03848396488702299,OH,Midwest
2023-10-01,"Columbus, OH",785.0,9792.0,247.0,5402.0,11601.0,6746.0,1396.7834101528242,39.9862,-82.9855,2180271.0,0.36004698498489407,4.491184811429405,0.11328866916085202,2.47767364699159,5.320898181923256,3.094110777972096,0.03928735654840754,OH,Midwest
2023-11-01,"Columbus, OH",1053.0,10845.0,656.0,6058.0,11363.0,6402.0,1393.8100945042067,39.9862,-82.9855,2180271.0,0.4829674843173165,4.9741522957467215,0.3008800282166758,2.7785536752082653,5.2117374399787915,2.936332226590181,0.04637624259702933,OH,Midwest
2023-12-01,"Columbus, OH",594.0,11439.0,238.0,6296.0,11375.0,6369.0,1391.7626571910146,39.9862,-82.9855,2180271.0,0.27244319628156316,5.246595492028284,0.1091607419444647,2.88771441715273,5.217241342933975,2.921196493463427,0.052907293408676725,OH,Midwest
2024-01-01,"Columbus, OH",1099.0,1099.0,758.0,758.0,12119.0,7041.0,1393.2056812146986,39.9862,-82.9855,2180271.0,0.5040657789788517,0.5040657789788517,0.3476632033357321,0.3476632033357321,5.558483326155327,3.2294150589536805,0.055514332757238494,OH,Midwest
2024-02-01,"Columbus, OH",1222.0,2322.0,782.0,1540.0,12990.0,7802.0,1394.171906151796,39.9862,-82.9855,2180271.0,0.5604807842694783,1.065005221827929,0.3586710092460983,0.7063342125818304,5.9579749489857,3.578454238028208,0.052246776913238424,OH,Midwest
2024-03-01,"Columbus, OH",570.0,2892.0,30.0,1570.0,11974.0,6679.0,1400.322528985973,39.9862,-82.9855,2180271.0,0.26143539037119695,1.3264406121991257,0.013759757387957735,0.7200939699697881,5.491977832113531,3.0633806531389904,0.05099806979070731,OH,Midwest
2024-04-01,"Columbus, OH",1238.0,4130.0,694.0,2264.0,12643.0,7215.0,1403.8941026260493,39.9862,-82.9855,2180271.0,0.5678193215430558,1.8942599337421815,0.3183090542414223,1.0384030242112106,5.798820421864988,3.3092216518038353,0.046397404233615935,OH,Midwest
2024-05-01,"Columbus, OH",1009.0,5139.0,535.0,2799.0,12800.0,7341.0,1418.9076267292378,39.9862,-82.9855,2180271.0,0.4627865068149785,2.35704644055716,0.24538234008524631,1.2837853642964567,5.870829818861967,3.367012632833258,0.04723467296711936,OH,Midwest
2024-06-01,"Columbus, OH",1992.0,7128.0,1544.0,4343.0,13293.0,7838.0,1429.3106092588398,39.9862,-82.9855,2180271.0,0.9136478905603936,3.2693183553787577,0.7081688469002247,1.9919542111966815,6.096948498604073,3.594965946893758,0.040792635787113785,OH,Midwest
2024-07-01,"Columbus, OH",1086.0,8179.0,621.0,4964.0,13552.0,8075.0,1446.3955111382934,39.9862,-82.9855,2180271.0,0.49810321744407,3.751368522536877,0.28482697793072514,2.276781189127407,6.215741070720108,3.703668030258624,0.04635503340722291,OH,Midwest
2024-08-01,"Columbus, OH",1099.0,9275.0,598.0,5562.0,13018.0,7553.0,1457.192760622821,39.9862,-82.9855,2180271.0,0.5040657789788517,4.254058325776933,0.27427783059995753,2.551059019727364,5.97081738921446,3.464248251708159,0.04826446682214369,OH,Midwest
2024-09-01,"Columbus, OH",1168.0,10497.0,581.0,6165.0,12915.0,7284.0,1466.3623614176947,39.9862,-82.9855,2180271.0,0.5357132209711545,4.814539110046412,0.26648063474678146,2.827630143225315,5.9235755555158045,3.340869093796138,0.05073737128430489,OH,Midwest
2024-10-01,"Columbus, OH",1087.0,11585.0,526.0,6691.0,13217.0,7563.0,1470.9280611057557,39.9862,-82.9855,2180271.0,0.49856187602366864,5.313559644649679,0.24125441286885896,3.068884556094174,6.0620904465545795,3.468834837504145,0.053082425245027265,OH,Midwest
2024-11-01,"Columbus, OH",521.0,12106.0,93.0,6784.0,12685.0,7000.0,1469.970391077791,39.9862,-82.9855,2180271.0,0.238961119970866,5.552520764620545,0.042655247902668975,3.1115398039968425,5.81808408220813,3.2106100571901384,0.05464180297867283,OH,Midwest
2024-12-01,"Columbus, OH",1314.0,13521.0,794.0,7695.0,13405.0,7556.0,1466.898043201904,39.9862,-82.9855,2180271.0,0.6026773735925488,6.2015226547525515,0.3641749122012814,3.529377770011159,6.148318259519115,3.465624227446955,0.05398577524887371,OH,Midwest
2019-11-01,"Jacksonville, FL",1011.0,13995.0,295.0,3610.0,1011.0,295.0,1210.2322566289477,30.3322,-81.6749,1713240.0,0.5901099670799188,8.168732927085523,0.17218836823795847,2.1071186757255256,0.5901099670799188,0.17218836823795847,,FL,Southeast
2019-12-01,"Jacksonville, FL",811.0,14868.0,25.0,3640.0,1822.0,320.0,1209.1405719632226,30.3322,-81.6749,1713240.0,0.4733720903084214,8.678293759193108,0.01459223459643716,2.1246293572412505,1.0634820573883403,0.18678060283439565,,FL,Southeast
2020-01-01,"Jacksonville, FL",1004.0,1004.0,21.0,21.0,2826.0,341.0,1212.8148626408486,30.3322,-81.6749,1713240.0,0.5860241413929164,0.5860241413929164,0.012257477061007214,0.012257477061007214,1.6495061987812567,0.19903807989540287,,FL,Southeast
2020-02-01,"Jacksonville, FL",1146.0,2167.0,291.0,312.0,3972.0,632.0,1216.9990907037643,30.3322,-81.6749,1713240.0,0.6689080339006794,1.2648548948191731,0.16985361070252852,0.18211108776353577,2.318414232681936,0.3688916905979314,,FL,Southeast
2020-03-01,"Jacksonville, FL",1430.0,3585.0,482.0,796.0,5402.0,1114.0,1222.4882671593805,30.3322,-81.6749,1713240.0,0.8346758189162056,2.092526441129089,0.28133828301930847,0.46461674955055915,3.1530900515981415,0.6502299736172399,,FL,Southeast
2020-04-01,"Jacksonville, FL",1215.0,4758.0,223.0,978.0,6617.0,1337.0,1230.0809092070403,30.3322,-81.6749,1713240.0,0.709182601386846,2.7771940883939203,0.13016273260021946,0.5708482174126217,3.862272652984988,0.7803927062174593,,FL,Southeast
2020-05-01,"Jacksonville, FL",1176.0,5822.0,313.0,1291.0,7793.0,1650.0,1231.6731912385412,30.3322,-81.6749,1713240.0,0.686418715416404,3.398239592818286,0.18269477714739324,0.753542994560015,4.548691368401392,0.9630874833648525,,FL,Southeast
2020-06-01,"Jacksonville, FL",1417.0,7385.0,368.0,1855.0,9210.0,2018.0,1234.1378534909493,30.3322,-81.6749,1713240.0,0.8270878569260582,4.310546099787537,0.21479769325955497,1.0827438070556372,5.37577922532745,1.1778851766244076,,FL,Southeast
2020-07-01,"Jacksonville, FL",1420.0,8819.0,108.0,1963.0,10630.0,2126.0,1233.4906746419426,30.3322,-81.6749,1713240.0,0.8288389250776307,5.147556676239173,0.06303845345660852,1.1457822605122459,6.20461815040508,1.240923630081016,,FL,Southeast
2020-08-01,"Jacksonville, FL",1273.0,10067.0,16.0,1979.0,11903.0,2142.0,1243.6147811423436,30.3322,-81.6749,1713240.0,0.7430365856505802,5.876001027293316,0.009339030141719783,1.1551212906539656,6.947654736055661,1.2502626602227358,,FL,Southeast
2020-09-01,"Jacksonville, FL",1217.0,11289.0,8.0,1987.0,13120.0,2150.0,1255.6104009594803,30.3322,-81.6749,1713240.0,0.7103499801545609,6.589269454367164,0.004669515070859892,1.1597908057248256,7.658004716210222,1.2549321752935956,,FL,Southeast
2020-10-01,"Jacksonville, FL",2143.0,13448.0,870.0,2857.0,15263.0,3020.0,1264.2701971815468,30.3322,-81.6749,1713240.0,1.2508463496065934,7.849454834115477,0.5078097639560132,1.6676005696808387,8.908851065816814,1.7627419392496089,,FL,Southeast
2020-11-01,"Jacksonville, FL",1119.0,14567.0,4.0,2861.0,15371.0,2729.0,1272.210111681719,30.3322,-81.6749,1713240.0,0.6531484205365272,8.502603254652003,0.002334757535429946,1.6699353272162687,8.971889519273423,1.5928883285470803,0.05121153787902499,FL,Southeast
2020-12-01,"Jacksonville, FL",1792.0,16361.0,523.0,3380.0,16352.0,3227.0,1276.8153233382925,30.3322,-81.6749,1713240.0,1.0459713758726157,9.549742009292334,0.3052695477574654,1.972870117438304,9.544488804837616,1.8835656417081086,0.05596929996748834,FL,Southeast
2021-01-01,"Jacksonville, FL",1717.0,1717.0,450.0,450.0,17065.0,3656.0,1283.035354449727,30.3322,-81.6749,1713240.0,1.0021946720833041,1.0021946720833041,0.26266022273586886,0.26266022273586886,9.960659335528005,2.1339683873829705,0.057898772493582884,FL,Southeast
2021-02-01,"Jacksonville, FL",1808.0,3529.0,583.0,1035.0,17727.0,3948.0,1292.689817049338,30.3322,-81.6749,1713240.0,1.0553104060143355,2.0598398356330696,0.3402909107889146,0.6041185122924985,10.34706170764166,2.3044056874693566,0.06219456277638091,FL,Southeast
2021-03-01,"Jacksonville, FL",2647.0,6186.0,1271.0,2306.0,18944.0,4737.0,1301.9190494263185,30.3322,-81.6749,1713240.0,1.5450257990707665,3.6107025285424106,0.7418692068828653,1.3459877191753638,11.057411687796222,2.7649366113329132,0.06497467861307693,FL,Southeast
2021-04-01,"Jacksonville, FL",2394.0,8580.0,981.0,3287.0,20123.0,5495.0,1320.115316903088,30.3322,-81.6749,1713240.0,1.3973523849548224,5.008054913497233,0.5725992855641941,1.9185870047395577,11.745581471364199,3.2073731642968877,0.07319389076128924,FL,Southeast
2021-05-01,"Jacksonville, FL",1323.0,9913.0,11.0,3298.0,20270.0,5193.0,1342.3250088977527,30.3322,-81.6749,1713240.0,0.7722210548434546,5.786112862179262,0.006420583222432351,1.9250075879619901,11.83138381079125,3.031098970371927,0.08983861826848938,FL,Southeast
2021-06-01,"Jacksonville, FL",2011.0,11925.0,205.0,3500.0,20864.0,5030.0,1373.8197554864407,30.3322,-81.6749,1713240.0,1.1737993509374052,6.960495902500526,0.11965632369078472,2.0429128435012025,12.178095304802596,2.9359576008031567,0.11318176620251919,FL,Southeast
2021-07-01,"Jacksonville, FL",1651.0,13629.0,302.0,3773.0,21095.0,5224.0,1409.6923700991158,30.3322,-81.6749,1713240.0,0.9636711727487101,7.955102612593683,0.17627419392496088,2.202260045294296,12.312927552473676,3.0491933412715087,0.14284801586223672,FL,Southeast
2021-08-01,"Jacksonville, FL",2605.0,16226.0,1206.0,4954.0,22427.0,6414.0,1447.3643599853517,30.3322,-81.6749,1713240.0,1.520510844948752,9.470943942471573,0.7039293969321286,2.8915972076299874,13.090401811771848,3.7437837080619176,0.16383656895413412,FL,Southeast
2021-09-01,"Jacksonville, FL",1561.0,17811.0,244.0,5223.0,22771.0,6650.0,1485.0559115552016,30.3322,-81.6749,1713240.0,0.9111391282015362,10.396091615885691,0.14242020966122668,3.0486096518876513,13.291190959818824,3.8815344026522847,0.182736229661995,FL,Southeast
2021-10-01,"Jacksonville, FL",2059.0,19871.0,995.0,6218.0,22687.0,6775.0,1512.257452299371,30.3322,-81.6749,1713240.0,1.2018164413625645,11.598491746632114,0.580770936938199,3.62938058882585,13.242161051574794,3.9544955756344704,0.19615051882949164,FL,Southeast
2021-11-01,"Jacksonville, FL",1203.0,21074.0,62.0,6280.0,22771.0,6833.0,1532.573803001648,30.3322,-81.6749,1713240.0,0.7021783287805562,12.300670075412668,0.036188741799164155,3.6655693306250146,13.291190959818824,3.9883495598982046,0.20465463128237338,FL,Southeast
2021-12-01,"Jacksonville, FL",1611.0,22725.0,82.0,6362.0,22590.0,6392.0,1543.5243965339027,30.3322,-81.6749,1713240.0,0.9403235973944106,13.26434124816138,0.047862529476313885,3.7134318601013283,13.185543181340616,3.730942541617053,0.20888617822841216,FL,Southeast
2022-01-01,"Jacksonville, FL",2991.0,2991.0,1660.0,1660.0,23864.0,7602.0,1554.8635367253464,30.3322,-81.6749,1713240.0,1.745814947117742,1.745814947117742,0.9689243772034275,0.9689243772034275,13.929163456375056,4.437206696084612,0.21186336084417734,FL,Southeast
2022-02-01,"Jacksonville, FL",2168.0,5199.0,785.0,2421.0,24224.0,7804.0,1560.726069926066,30.3322,-81.6749,1713240.0,1.2654385842030307,3.0346011066750718,0.4581961663281268,1.4131119983189746,14.139291634563751,4.555111951623823,0.2073476941966952,FL,Southeast
2022-03-01,"Jacksonville, FL",2087.0,7286.0,583.0,3004.0,23664.0,7116.0,1574.4830533305592,30.3322,-81.6749,1713240.0,1.218159744110574,4.252760850785647,0.3402909107889146,1.753402909107889,13.812425579603557,4.153533655529873,0.20935556939914512,FL,Southeast
2022-04-01,"Jacksonville, FL",1470.0,8756.0,196.0,3200.0,22740.0,6331.0,1584.2594997314357,30.3322,-81.6749,1713240.0,0.858023394270505,5.110784245056151,0.11440311923606733,1.8678060283439564,13.273096588919241,3.695337489201746,0.20009174914204797,FL,Southeast
2022-05-01,"Jacksonville, FL",2243.0,10994.0,1039.0,4239.0,23660.0,7359.0,1603.15432480109,30.3322,-81.6749,1713240.0,1.309215287992342,6.417081086129206,0.6064532698279284,2.4742592981718845,13.810090822068128,4.295370175807243,0.19431159679988141,FL,Southeast
2022-06-01,"Jacksonville, FL",2666.0,13659.0,1451.0,5690.0,24315.0,8605.0,1616.521328621904,30.3322,-81.6749,1713240.0,1.5561158973640588,7.972613294109407,0.8469332959772128,3.321192594149098,14.192407368494782,5.022647148093671,0.17666187443164838,FL,Southeast
2022-07-01,"Jacksonville, FL",1174.0,14840.0,197.0,5887.0,23838.0,8500.0,1636.400120472243,30.3322,-81.6749,1713240.0,0.6852513366486891,8.661950456445098,0.11498680861992482,3.4361794027690222,13.913987532394762,4.961359762788635,0.1608207259837744,FL,Southeast
2022-08-01,"Jacksonville, FL",1537.0,16463.0,366.0,6253.0,22770.0,7660.0,1648.48448788741,30.3322,-81.6749,1713240.0,0.8971305829889565,9.609278326445798,0.21363031449184,3.6498097172608626,13.290607270434965,4.471060680348346,0.13895611461933033,FL,Southeast
2022-09-01,"Jacksonville, FL",2178.0,18670.0,1151.0,7433.0,23387.0,8567.0,1657.5148218145016,30.3322,-81.6749,1713240.0,1.2712754780416053,10.897480796619272,0.6718264808199669,4.338563190212696,13.650743620275035,5.000466951507086,0.1161295739220316,FL,Southeast
2022-10-01,"Jacksonville, FL",1779.0,20449.0,635.0,8068.0,23107.0,8207.0,1654.6967051362074,30.3322,-81.6749,1713240.0,1.0383834138824684,11.935864210501741,0.37064275874950386,4.7092059489622,13.48731059279494,4.790338773318391,0.09418981709778262,FL,Southeast
2022-11-01,"Jacksonville, FL",1076.0,21546.0,309.0,8379.0,22980.0,8454.0,1655.1008988622564,30.3322,-81.6749,1713240.0,0.6280497770306555,12.576171464593402,0.1803600196119633,4.890733347341879,13.413182041045038,4.93451005113119,0.07994857775895081,FL,Southeast
2022-12-01,"Jacksonville, FL",1616.0,23131.0,585.0,8955.0,22985.0,8957.0,1648.4298888802489,30.3322,-81.6749,1713240.0,0.9432420443136981,13.501319138007519,0.34145828955662955,5.226938432443791,13.416100487964325,5.228105811211505,0.06796490718379267,FL,Southeast
2023-01-01,"Jacksonville, FL",1179.0,1179.0,362.0,362.0,21173.0,7659.0,1645.221981588755,30.3322,-81.6749,1713240.0,0.6881697835679764,0.6881697835679764,0.21129555695641006,0.21129555695641006,12.35845532441456,4.470476990964489,0.058113424573393635,FL,Southeast
2023-02-01,"Jacksonville, FL",2231.0,3462.0,1535.0,1897.0,21236.0,8409.0,1640.7489479013984,30.3322,-81.6749,1713240.0,1.3022110153860522,2.0207326469146176,0.8959632042212416,1.1072587611776519,12.395227755597581,4.908244028857603,0.0512728527557198,FL,Southeast
2023-03-01,"Jacksonville, FL",2274.0,5736.0,1338.0,3235.0,21423.0,9164.0,1641.7429089652787,30.3322,-81.6749,1713240.0,1.3273096588919242,3.348042305806542,0.7809763956013168,1.8882351567789686,12.50437767037893,5.348929513670005,0.0427186913777462,FL,Southeast
2023-04-01,"Jacksonville, FL",1111.0,6831.0,164.0,3399.0,21064.0,9132.0,1652.417926982412,30.3322,-81.6749,1713240.0,0.6484789054656673,3.9871821811304895,0.09572505895262777,1.983960215731596,12.294833181574095,5.330251453386565,0.04302226198582404,FL,Southeast
2023-05-01,"Jacksonville, FL",2028.0,8859.0,806.0,4205.0,20849.0,8899.0,1660.1036887481746,30.3322,-81.6749,1713240.0,1.1837220704629823,5.1709042515934724,0.47045364338913404,2.4544138591207303,12.169339964044735,5.194251826947771,0.03552331991129454,FL,Southeast
2023-06-01,"Jacksonville, FL",1985.0,10850.0,766.0,4971.0,20168.0,8214.0,1670.9640675595635,30.3322,-81.6749,1713240.0,1.1586234269571105,6.333029814853727,0.44710606803483455,2.901519927155565,11.771847493637786,4.794424599005393,0.03367894872384536,FL,Southeast
2023-07-01,"Jacksonville, FL",1784.0,12673.0,797.0,5768.0,20778.0,8814.0,1672.9079741421542,30.3322,-81.6749,1713240.0,1.0413018608017557,7.397095561625925,0.4652004389344167,3.3667203660899814,12.127898017790852,5.144638229319885,0.022309857603393102,FL,Southeast
2023-08-01,"Jacksonville, FL",1759.0,14432.0,368.0,6136.0,21000.0,8816.0,1678.225845391038,30.3322,-81.6749,1713240.0,1.0267096262053186,8.423805187831244,0.21479769325955497,3.581518059349537,12.257477061007215,5.1458056080876,0.018041636255699656,FL,Southeast
2023-09-01,"Jacksonville, FL",1998.0,16423.0,734.0,6870.0,20820.0,8399.0,1680.3913790093295,30.3322,-81.6749,1713240.0,1.1662113889472578,9.5859307510915,0.428428007751395,4.009946067100932,12.152412971912867,4.902407135019028,0.013801721042702164,FL,Southeast
2023-10-01,"Jacksonville, FL",1248.0,17675.0,141.0,7011.0,20289.0,7905.0,1678.5381101013238,30.3322,-81.6749,1713240.0,0.7284443510541431,10.31670985968107,0.08230020312390558,4.0922462702248374,11.842473909084541,4.61406457939343,0.014408323223894959,FL,Southeast
2023-11-01,"Jacksonville, FL",1098.0,18773.0,328.0,7339.0,20311.0,7924.0,1667.133660323103,30.3322,-81.6749,1713240.0,0.6408909434755201,10.957600803156593,0.19145011790525554,4.2836963881300925,11.855315075529406,4.625154677686722,0.007270107501674339,FL,Southeast
2023-12-01,"Jacksonville, FL",1480.0,20253.0,702.0,8041.0,20175.0,8041.0,1657.7183932436606,30.3322,-81.6749,1713240.0,0.8638602881090798,11.821461091265672,0.40974994746795546,4.693446335598048,11.775933319324787,4.693446335598048,0.0056347585214686635,FL,Southeast
2024-01-01,"Jacksonville, FL",1257.0,1257.0,4.0,4.0,20253.0,7683.0,1646.734226588051,30.3322,-81.6749,1713240.0,0.7336975555088604,0.7336975555088604,0.002334757535429946,0.002334757535429946,11.821461091265672,4.4844855361770675,0.000919173835639775,FL,Southeast
2024-02-01,"Jacksonville, FL",1109.0,2160.0,117.0,121.0,19131.0,6265.0,1651.7614726689892,30.3322,-81.6749,1713240.0,0.6473115266979524,1.2607690691321707,0.06829165791132591,0.07062641544675585,11.166561602577573,3.6568139898671523,0.006711888970994728,FL,Southeast
2024-03-01,"Jacksonville, FL",1369.0,3529.0,217.0,338.0,18226.0,5144.0,1658.6224861970315,30.3322,-81.6749,1713240.0,0.7990707665008989,2.0598398356330696,0.12666059629707455,0.1972870117438304,10.638322710186547,3.00249819056291,0.010281498485284368,FL,Southeast
2024-04-01,"Jacksonville, FL",1908.0,5425.0,579.0,917.0,19023.0,5559.0,1672.950756948611,30.3322,-81.6749,1713240.0,1.113679344400084,3.1665149074268637,0.33795615325348466,0.535243164997315,11.103523149120964,3.2447292848637668,0.012425930287318643,FL,Southeast
2024-05-01,"Jacksonville, FL",1470.0,6764.0,60.0,952.0,18465.0,4813.0,1678.5547620263535,30.3322,-81.6749,1713240.0,0.858023394270505,3.948074992412038,0.03502136303144918,0.555672293432327,10.777824472928486,2.809297004506082,0.01111441014391823,FL,Southeast
2024-06-01,"Jacksonville, FL",1222.0,7991.0,44.0,996.0,17702.0,4091.0,1684.1918057082453,30.3322,-81.6749,1713240.0,0.7132684270738484,4.664261866405173,0.025682332889729403,0.5813546263220565,10.332469473045226,2.3878732693609765,0.007916231357386838,FL,Southeast
2024-07-01,"Jacksonville, FL",1464.0,9456.0,450.0,1446.0,17382.0,3744.0,1686.213025618532,30.3322,-81.6749,1713240.0,0.85452125796736,5.519366813756392,0.26266022273586886,0.8440148490579253,10.14568887021083,2.185333053162429,0.007953247687279674,FL,Southeast
2024-08-01,"Jacksonville, FL",1192.0,10648.0,118.0,1564.0,16815.0,3494.0,1690.3747263253344,30.3322,-81.6749,1713240.0,0.6957577455581238,6.215124559314516,0.0688753472951834,0.9128901963531088,9.814736989563633,2.0394107071980576,0.00723912158048412,FL,Southeast
2024-09-01,"Jacksonville, FL",1073.0,11721.0,317.0,1881.0,15890.0,3077.0,1693.337472025859,30.3322,-81.6749,1713240.0,0.6262987088790829,6.841423268193599,0.18502953468282318,1.0979197310359319,9.27482430949546,1.7960122341294855,0.007704212946011202,FL,Southeast
2024-10-01,"Jacksonville, FL",1437.0,13158.0,221.0,2102.0,16079.0,3157.0,1696.0794433347507,30.3322,-81.6749,1713240.0,0.838761644603208,7.680184912796806,0.1289953538325045,1.2269150848684363,9.385141603044524,1.8427073848380846,0.010450363401262264,FL,Southeast
2024-11-01,"Jacksonville, FL",785.0,13943.0,4.0,2106.0,15766.0,2833.0,1694.2550153784948,30.3322,-81.6749,1713240.0,0.4581961663281268,8.138381079124933,0.002334757535429946,1.2292498424038665,9.20244682589713,1.653592024468259,0.0162682547301789,FL,Southeast
2024-12-01,"Jacksonville, FL",1064.0,15006.0,38.0,2144.0,15350.0,2169.0,1690.501961010376,30.3322,-81.6749,1713240.0,0.6210455044243656,8.75884289416544,0.02218019658658448,1.251430038990451,8.959632042212416,1.266022273586888,0.019776319005888388,FL,Southeast
2019-11-01,"Oklahoma City, OK",455.0,6071.0,45.0,575.0,455.0,45.0,1023.5022187571744,35.4676,-97.5136,1477926.0,0.30786385786568476,4.1077834749507085,0.03044807385484794,0.3890587214786126,0.30786385786568476,0.03044807385484794,,OK,Southwest
2019-12-01,"Oklahoma City, OK",469.0,6528.0,64.0,639.0,924.0,109.0,1024.6194879899267,35.4676,-97.5136,1477926.0,0.31733659195385966,4.417000580543275,0.043303927260228185,0.4323626487388408,0.6252004498195444,0.07375200111507613,,OK,Southwest
2020-01-01,"Oklahoma City, OK",483.0,483.0,18.0,18.0,1407.0,127.0,1024.823690667318,35.4676,-97.5136,1477926.0,0.32680932604203455,0.32680932604203455,0.012179229541939177,0.012179229541939177,0.952009775861579,0.0859312306570153,,OK,Southwest
2020-02-01,"Oklahoma City, OK",513.0,994.0,31.0,57.0,1920.0,158.0,1027.8459589475383,35.4676,-97.5136,1477926.0,0.34710804194526657,0.672564120260419,0.020975339766673026,0.03856756021614073,1.2991178178068454,0.10690657042368833,,OK,Southwest
2020-03-01,"Oklahoma City, OK",634.0,1621.0,57.0,114.0,2554.0,215.0,1027.0876954834262,35.4676,-97.5136,1477926.0,0.4289795294216355,1.0968072826379671,0.03856756021614073,0.07713512043228146,1.728097347228481,0.14547413063982906,,OK,Southwest
2020-04-01,"Oklahoma City, OK",527.0,2129.0,28.0,137.0,3081.0,243.0,1033.7798729793983,35.4676,-97.5136,1477926.0,0.35658077603344146,1.440532205266028,0.01894546817634983,0.09269746929142596,2.0846781232619223,0.1644195988161789,,OK,Southwest
2020-05-01,"Oklahoma City, OK",416.0,2572.0,35.0,171.0,3497.0,278.0,1037.087986032836,35.4676,-97.5136,1477926.0,0.28147552719148317,1.74027657677042,0.023681835220437288,0.11570268064842218,2.3661536504534055,0.18810143403661617,,OK,Southwest
2020-06-01,"Oklahoma City, OK",760.0,3371.0,43.0,212.0,4257.0,321.0,1045.8272686191244,35.4676,-97.5136,1477926.0,0.5142341362152097,2.280899043659831,0.02909482612796581,0.14344425904950586,2.8803877866686154,0.217196260164582,,OK,Southwest
2020-07-01,"Oklahoma City, OK",648.0,4023.0,26.0,233.0,4905.0,347.0,1049.4419577132771,35.4676,-97.5136,1477926.0,0.43845226350981037,2.722057802623406,0.017592220449467698,0.15765336018176823,3.3188400501784256,0.2347884806140497,,OK,Southwest
2020-08-01,"Oklahoma City, OK",663.0,4650.0,32.0,260.0,5568.0,379.0,1055.8861397208957,35.4676,-97.5136,1477926.0,0.44860162146142635,3.146300965000954,0.021651963630114093,0.17592220449467702,3.767441671639852,0.2564404442441638,,OK,Southwest
2020-09-01,"Oklahoma City, OK",925.0,5594.0,288.0,560.0,6493.0,667.0,1059.971514735726,35.4676,-97.5136,1477926.0,0.6258770736829854,3.7850338920893196,0.19486767267102684,0.3789093635269966,4.393318745322838,0.4513081169151906,,OK,Southwest
2020-10-01,"Oklahoma City, OK",688.0,6275.0,38.0,598.0,7181.0,705.0,1063.2174679801424,35.4676,-97.5136,1477926.0,0.46551721804745294,4.245814743092685,0.025711706810760484,0.40462107033775707,4.85883596337029,0.4770198237259511,,OK,Southwest
2020-11-01,"Oklahoma City, OK",552.0,6797.0,10.0,590.0,7278.0,670.0,1066.4630926681425,35.4676,-97.5136,1477926.0,0.37349637261946805,4.599012399808922,0.006766238634410654,0.39920807943022857,4.924468478124074,0.4533379885055138,0.041974382784567776,OK,Southwest
2020-12-01,"Oklahoma City, OK",619.0,7464.0,22.0,615.0,7428.0,628.0,1070.1249888718828,35.4676,-97.5136,1477926.0,0.4188301714700195,5.050320516724112,0.014885724995703438,0.4161236760162552,5.025962057640234,0.42491978624098903,0.04441209777419686,OK,Southwest
2021-01-01,"Oklahoma City, OK",668.0,668.0,25.0,25.0,7613.0,635.0,1074.1312549106658,35.4676,-97.5136,1477926.0,0.4519847407786317,0.4519847407786317,0.016915596586026635,0.016915596586026635,5.15113747237683,0.4296561532850765,0.048113216636552325,OK,Southwest
2021-02-01,"Oklahoma City, OK",642.0,1423.0,46.0,238.0,7742.0,650.0,1075.3139480522702,35.4676,-97.5136,1477926.0,0.434392520329164,0.9628357576766361,0.03112469771828901,0.16103647949897357,5.238421950760728,0.4398055112366925,0.046182006838200396,OK,Southwest
2021-03-01,"Oklahoma City, OK",918.0,2315.0,67.0,308.0,8026.0,660.0,1078.9355837080616,35.4676,-97.5136,1477926.0,0.6211407066388981,1.5663842438660662,0.04533379885055138,0.20840014993984812,5.430583127977991,0.44657174987110315,0.05048048813420136,OK,Southwest
2021-04-01,"Oklahoma City, OK",815.0,3107.0,45.0,367.0,8314.0,677.0,1086.567501316765,35.4676,-97.5136,1477926.0,0.5514484487044683,2.1022703437113903,0.03044807385484794,0.248320957882871,5.625450800649017,0.45807435554960124,0.05106273561433383,OK,Southwest
2021-05-01,"Oklahoma City, OK",750.0,3843.0,22.0,360.0,8648.0,664.0,1103.805416969303,35.4676,-97.5136,1477926.0,0.507467897580799,2.600265507204014,0.014885724995703438,0.24358459083878353,5.8514431710383334,0.44927824532486743,0.06433150497835838,OK,Southwest
2021-06-01,"Oklahoma City, OK",775.0,4540.0,32.0,370.0,8663.0,653.0,1122.6289450539066,35.4676,-97.5136,1477926.0,0.5243834941668256,3.071872340022437,0.021651963630114093,0.2503508294731942,5.8615925289899495,0.44183538282701573,0.07343629176564548,OK,Southwest
2021-07-01,"Oklahoma City, OK",731.0,5264.0,61.0,426.0,8746.0,688.0,1143.95633121711,35.4676,-97.5136,1477926.0,0.4946120441754188,3.561748017153768,0.04127405566990499,0.2882417658258939,5.917752309655558,0.46551721804745294,0.09006155396128679,OK,Southwest
2021-08-01,"Oklahoma City, OK",735.0,5944.0,37.0,434.0,8818.0,693.0,1163.4220113578435,35.4676,-97.5136,1477926.0,0.4973185396291831,4.021852244293692,0.02503508294731942,0.29365475673342234,5.966469227823314,0.4689003373646583,0.10184419284580537,OK,Southwest
2021-09-01,"Oklahoma City, OK",549.0,6463.0,10.0,434.0,8442.0,415.0,1180.2722681256066,35.4676,-97.5136,1477926.0,0.3714665010291449,4.373020029419606,0.006766238634410654,0.29365475673342234,5.712058655169474,0.28079890332804214,0.11349432670355686,OK,Southwest
2021-10-01,"Oklahoma City, OK",612.0,7053.0,20.0,452.0,8366.0,397.0,1190.4974054026634,35.4676,-97.5136,1477926.0,0.414093804425932,4.772228108849834,0.013532477268821308,0.30583398627536157,5.660635241547953,0.26861967378610296,0.11971204504786992,OK,Southwest
2021-11-01,"Oklahoma City, OK",568.0,7606.0,24.0,472.0,8382.0,411.0,1194.0777199477495,35.4676,-97.5136,1477926.0,0.3843223544345251,5.146401105332743,0.016238972722585572,0.31936646354418285,5.671461223363011,0.27809240787427786,0.11966155055617822,OK,Southwest
2021-12-01,"Oklahoma City, OK",649.0,8265.0,51.0,533.0,8412.0,440.0,1195.3562163225208,35.4676,-97.5136,1477926.0,0.43912888737325145,5.592296231340406,0.03450781703549433,0.36064051921408785,5.691759939266242,0.2977144999140688,0.11702486041621718,OK,Southwest
2022-01-01,"Oklahoma City, OK",595.0,595.0,30.0,30.0,8339.0,445.0,1198.233630662331,35.4676,-97.5136,1477926.0,0.40259119874743393,0.40259119874743393,0.02029871590323196,0.02029871590323196,5.642366397235045,0.3010976192312741,0.11553744031215873,OK,Southwest
2022-02-01,"Oklahoma City, OK",644.0,1218.0,32.0,62.0,8341.0,431.0,1203.3122945979082,35.4676,-97.5136,1477926.0,0.4357457680560461,0.8241278656712177,0.021651963630114093,0.04195067953334605,5.6437196449619265,0.29162488514309914,0.1190334662518635,OK,Southwest
2022-03-01,"Oklahoma City, OK",894.0,2108.0,46.0,104.0,8317.0,410.0,1209.1777886009272,35.4676,-97.5136,1477926.0,0.6049017339163124,1.4263231041337658,0.03112469771828901,0.07036888179787079,5.62748067223934,0.27741578401083683,0.12071360594601233,OK,Southwest
2022-04-01,"Oklahoma City, OK",723.0,2827.0,48.0,152.0,8225.0,413.0,1220.0047608657349,35.4676,-97.5136,1477926.0,0.48919905326789026,1.912815661947892,0.032477945445171144,0.10284682724304194,5.565231276802763,0.27944565560116,0.12280623098635202,OK,Southwest
2022-05-01,"Oklahoma City, OK",677.0,3482.0,60.0,210.0,8152.0,451.0,1234.9303013651074,35.4676,-97.5136,1477926.0,0.45807435554960124,2.35600429250179,0.04059743180646392,0.14209101132262372,5.515837734771565,0.3051573624119205,0.11879347789018047,OK,Southwest
2022-06-01,"Oklahoma City, OK",902.0,4374.0,329.0,547.0,8279.0,748.0,1252.0971931961194,35.4676,-97.5136,1477926.0,0.610314724823841,2.95955277869122,0.2226092510721105,0.3701132533022628,5.60176896542858,0.5061146498539169,0.11532594871406587,OK,Southwest
2022-07-01,"Oklahoma City, OK",493.0,4882.0,121.0,668.0,8041.0,808.0,1265.8934253046275,35.4676,-97.5136,1477926.0,0.3335755646764452,3.3032777013192813,0.08187148747636891,0.4519847407786317,5.4407324859296065,0.5467120816603808,0.10659243780554362,OK,Southwest
2022-08-01,"Oklahoma City, OK",551.0,5456.0,85.0,753.0,7857.0,856.0,1274.6006977362056,35.4676,-97.5136,1477926.0,0.372819748756027,3.691659798934453,0.057513028392490555,0.5094977691711222,5.316233695056451,0.579190027105552,0.095561786946599,OK,Southwest
2022-09-01,"Oklahoma City, OK",398.0,5848.0,43.0,796.0,7706.0,889.0,1278.1563430763472,35.4676,-97.5136,1477926.0,0.26929629764954405,3.9568963534033506,0.02909482612796581,0.5385925952990881,5.21406349167685,0.6015186145991072,0.08293347017819075,OK,Southwest
2022-10-01,"Oklahoma City, OK",360.0,6181.0,27.0,813.0,7454.0,896.0,1276.6348102814827,35.4676,-97.5136,1477926.0,0.24358459083878353,4.182212099929225,0.018268844312908764,0.5500952009775861,5.043554278089701,0.6062549816431946,0.07235413070865526,OK,Southwest
2022-11-01,"Oklahoma City, OK",307.0,6489.0,26.0,839.0,7193.0,898.0,1270.7654199680303,35.4676,-97.5136,1477926.0,0.20772352607640707,4.390612249869074,0.017592220449467698,0.5676874214270539,4.8669554497315834,0.6076082293700766,0.06422337402261924,OK,Southwest
2022-12-01,"Oklahoma City, OK",357.0,6846.0,36.0,875.0,6901.0,883.0,1268.1788602424251,35.4676,-97.5136,1477926.0,0.24155471924846034,4.632166969117534,0.024358459083878355,0.5920458805109322,4.669381281606792,0.5974588714184608,0.06092129101393806,OK,Southwest
2023-01-01,"Oklahoma City, OK",313.0,313.0,24.0,24.0,6619.0,877.0,1266.752885957795,35.4676,-97.5136,1477926.0,0.21178326925705349,0.21178326925705349,0.016238972722585572,0.016238972722585572,4.478573352116412,0.5933991282378144,0.05718355214048643,OK,Southwest
2023-02-01,"Oklahoma City, OK",383.0,694.0,24.0,48.0,6358.0,869.0,1268.2842698487311,35.4676,-97.5136,1477926.0,0.25914693969792807,0.4695769612280994,0.016238972722585572,0.032477945445171144,4.301974523758294,0.5879861373302858,0.05399427525381806,OK,Southwest
2023-03-01,"Oklahoma City, OK",507.0,1202.0,42.0,90.0,5971.0,865.0,1270.6815234488222,35.4676,-97.5136,1477926.0,0.3430482987646201,0.8133018838561605,0.02841820226452475,0.06089614770969588,4.040121088606601,0.5852796418765215,0.05086409577458206,OK,Southwest
2023-04-01,"Oklahoma City, OK",641.0,1827.0,58.0,148.0,5889.0,875.0,1275.904705487765,35.4676,-97.5136,1477926.0,0.43371589646572295,1.2361917985068265,0.03924418407958179,0.10014033178927768,3.984637931804434,0.5920458805109322,0.04581944793589399,OK,Southwest
2023-05-01,"Oklahoma City, OK",758.0,2584.0,93.0,241.0,5970.0,908.0,1284.9678388570596,35.4676,-97.5136,1477926.0,0.5128808884883276,1.7483960631317128,0.06292601930001908,0.16306635108929676,4.03944446474316,0.6143744680044874,0.040518511398287105,OK,Southwest
2023-06-01,"Oklahoma City, OK",572.0,3146.0,53.0,276.0,5640.0,632.0,1292.0027274847382,35.4676,-97.5136,1477926.0,0.3870288498882894,2.1286586743855915,0.035861064762376466,0.18674818630973403,3.8161585898076087,0.4276262816947533,0.03187095578958643,OK,Southwest
2023-07-01,"Oklahoma City, OK",679.0,3824.0,301.0,577.0,5826.0,812.0,1298.4205755081423,35.4676,-97.5136,1477926.0,0.4594276032764834,2.587409653798634,0.20366378289576068,0.39041196920549476,3.942010628407647,0.5494185771141451,0.025695014725025,OK,Southwest
2023-08-01,"Oklahoma City, OK",755.0,4578.0,204.0,781.0,6030.0,931.0,1304.12243335754,35.4676,-97.5136,1477926.0,0.5108510168980044,3.0975840468331977,0.13803126814197733,0.528443237347472,4.080041896549624,0.6299368168636319,0.023161556143635798,OK,Southwest
2023-09-01,"Oklahoma City, OK",511.0,5079.0,94.0,875.0,6143.0,982.0,1311.4930697447596,35.4676,-97.5136,1477926.0,0.3457547942183844,3.4365726024171708,0.06360264316346015,0.5920458805109322,4.156500393118464,0.6644446338991262,0.02608188493449526,OK,Southwest
2023-10-01,"Oklahoma City, OK",498.0,5576.0,87.0,962.0,6281.0,1042.0,1315.8241193062097,35.4676,-97.5136,1477926.0,0.33695868399365053,3.7728546625473807,0.05886627611937269,0.6509121566303049,4.249874486273331,0.7050420657055901,0.030697352687794943,OK,Southwest
2023-11-01,"Oklahoma City, OK",388.0,5991.0,22.0,1005.0,6362.0,1038.0,1317.0601155940292,35.4676,-97.5136,1477926.0,0.2625300590151334,4.053653565875423,0.014885724995703438,0.6800069827582708,4.304681019212057,0.7023355702518259,0.036430559801637896,OK,Southwest
2023-12-01,"Oklahoma City, OK",377.0,6458.0,26.0,1035.0,6382.0,1028.0,1315.7999266209315,35.4676,-97.5136,1477926.0,0.2550871965172816,4.3696369101024,0.017592220449467698,0.7003056986615027,4.31821349648088,0.6955693316174152,0.037550749244789516,OK,Southwest
2024-01-01,"Oklahoma City, OK",463.0,463.0,22.0,22.0,6532.0,1026.0,1316.2890171320764,35.4676,-97.5136,1477926.0,0.31327684877321327,0.31327684877321327,0.014885724995703438,0.014885724995703438,4.419707075997039,0.6942160838905331,0.03910481019889467,OK,Southwest
2024-02-01,"Oklahoma City, OK",455.0,889.0,28.0,50.0,6604.0,1030.0,1319.0414587318498,35.4676,-97.5136,1477926.0,0.30786385786568476,0.6015186145991072,0.01894546817634983,0.03383119317205327,4.468423994164795,0.6969225793442974,0.04002035670534054,OK,Southwest
2024-03-01,"Oklahoma City, OK",836.0,1717.0,379.0,429.0,6933.0,1367.0,1323.2258652905668,35.4676,-97.5136,1477926.0,0.5656575498367307,1.1617631735283092,0.2564404442441638,0.2902716374162171,4.691033245236906,0.9249448213239364,0.041351307052243325,OK,Southwest
2024-04-01,"Oklahoma City, OK",1004.0,2701.0,373.0,779.0,7296.0,1682.0,1325.3729185472505,35.4676,-97.5136,1477926.0,0.6793303588948296,1.8275610551543175,0.2523807010635174,0.52708998962059,4.936647707666014,1.1380813383078718,0.03877108756376457,OK,Southwest
2024-05-01,"Oklahoma City, OK",616.0,3315.0,90.0,867.0,7154.0,1679.0,1324.776018869965,35.4676,-97.5136,1477926.0,0.41680029987969625,2.2430081073071317,0.06089614770969588,0.5866328896034037,4.840567119057382,1.1360514667175488,0.030979903783672436,OK,Southwest
2024-06-01,"Oklahoma City, OK",606.0,3924.0,78.0,945.0,7188.0,1704.0,1329.186422766442,35.4676,-97.5136,1477926.0,0.41003406124528563,2.655072040142741,0.0527766613484031,0.6394095509518068,4.863572330414378,1.1529670633035756,0.028779889152473315,OK,Southwest
2024-07-01,"Oklahoma City, OK",575.0,4381.0,73.0,978.0,7084.0,1476.0,1338.4829964870603,35.4676,-97.5136,1477926.0,0.3890587214786126,2.9642891457353078,0.04939354203119777,0.661738138445362,4.793203448616507,0.9986968224390126,0.03085473361606228,OK,Southwest
2024-08-01,"Oklahoma City, OK",592.0,4838.0,98.0,975.0,6921.0,1370.0,1350.0895586271831,35.4676,-97.5136,1477926.0,0.40056132715711074,3.2735062513278743,0.0663091386172244,0.6597082668550388,4.682913758875614,0.9269746929142596,0.035247553522484765,OK,Southwest
2024-09-01,"Oklahoma City, OK",514.0,5349.0,85.0,1060.0,6924.0,1361.0,1359.4350187315372,35.4676,-97.5136,1477926.0,0.3477846658087076,3.619261045546259,0.057513028392490555,0.7172212952475293,4.684943630465937,0.92088507814329,0.0365552438611878,OK,Southwest
2024-10-01,"Oklahoma City, OK",581.0,5930.0,75.0,1135.0,7007.0,1349.0,1364.1197718153494,35.4676,-97.5136,1477926.0,0.39311846465925904,4.012379510205518,0.050746789758079905,0.7679680850056092,4.7411034111315455,0.9127655917819971,0.03670372947305789,OK,Southwest
2024-11-01,"Oklahoma City, OK",505.0,6368.0,42.0,1074.0,7124.0,1369.0,1367.019777253258,35.4676,-97.5136,1477926.0,0.34169505103773806,4.308740762392705,0.02841820226452475,0.7266940293357042,4.82026840315415,0.9262980690508186,0.03793271170215018,OK,Southwest
2024-12-01,"Oklahoma City, OK",480.0,6896.0,14.0,1044.0,7227.0,1357.0,1361.9351216415296,35.4676,-97.5136,1477926.0,0.32477945445171136,4.665998162289586,0.009472734088174915,0.7063953134324722,4.88996066108858,0.9181785826895257,0.03506246967126425,OK,Southwest
2019-11-01,"Pittsburgh, PA",144.0,1434.0,77.0,589.0,144.0,77.0,1132.8097382794883,40.4397,-79.9763,2422725.0,0.05943720397486302,0.5918954895830109,0.03178239379211425,0.2431146745916272,0.05943720397486302,0.03178239379211425,,PA,Northest
2019-12-01,"Pittsburgh, PA",133.0,1555.0,80.0,669.0,277.0,157.0,1136.8347187095972,40.4397,-79.9763,2422725.0,0.054896862004560974,0.6418392512563333,0.0330206688749239,0.2761353434665511,0.114334065979424,0.06480306266703816,,PA,Northest
2020-01-01,"Pittsburgh, PA",456.0,456.0,351.0,351.0,733.0,508.0,1141.3390414682929,40.4397,-79.9763,2422725.0,0.18821781258706624,0.18821781258706624,0.1448781846887286,0.1448781846887286,0.3025518785664902,0.20968124735576676,,PA,Northest
2020-02-01,"Pittsburgh, PA",115.0,571.0,32.0,383.0,848.0,540.0,1145.871913295198,40.4397,-79.9763,2422725.0,0.0474672115077031,0.23568502409476932,0.01320826754996956,0.15808645223869816,0.3500190900741933,0.2228895149057363,,PA,Northest
2020-03-01,"Pittsburgh, PA",118.0,689.0,47.0,430.0,966.0,587.0,1152.7966014573726,40.4397,-79.9763,2422725.0,0.04870548659051275,0.2843905106852821,0.01939964296401779,0.17748609520271594,0.39872457666470607,0.2422891578697541,,PA,Northest
2020-04-01,"Pittsburgh, PA",43.0,735.0,14.0,444.0,1009.0,601.0,1159.3759007863218,40.4397,-79.9763,2422725.0,0.017748609520271595,0.3033773952883633,0.005778617053111682,0.18326471225582763,0.41647318618497764,0.24806777492286577,,PA,Northest
2020-05-01,"Pittsburgh, PA",117.0,721.0,6.0,315.0,1126.0,607.0,1160.2037401581574,40.4397,-79.9763,2422725.0,0.0482927282295762,0.2975987782352516,0.0024765501656192923,0.13001888369501283,0.46476591441455384,0.25054432508848506,,PA,Northest
2020-06-01,"Pittsburgh, PA",168.0,889.0,73.0,388.0,1294.0,680.0,1160.4360969901045,40.4397,-79.9763,2422725.0,0.06934340463734019,0.36694218287259184,0.030131360348368056,0.1601502440433809,0.534109319051894,0.2806756854368531,,PA,Northest
2020-07-01,"Pittsburgh, PA",194.0,1123.0,78.0,523.0,1488.0,758.0,1159.3526488803188,40.4397,-79.9763,2422725.0,0.08007512202169045,0.46352763933174423,0.0321951521530508,0.21587262276981498,0.6141844410735845,0.3128708375899039,,PA,Northest
2020-08-01,"Pittsburgh, PA",143.0,1266.0,48.0,571.0,1631.0,806.0,1163.404191356059,40.4397,-79.9763,2422725.0,0.05902444561392647,0.5225520849456706,0.019812401324954338,0.23568502409476932,0.673208886687511,0.3326832389148583,,PA,Northest
2020-09-01,"Pittsburgh, PA",185.0,1452.0,61.0,632.0,1816.0,867.0,1163.8599046310335,40.4397,-79.9763,2422725.0,0.07636029677326152,0.5993251400798688,0.025178260017129472,0.2608632841118988,0.7495691834607725,0.35786149893198776,,PA,Northest
2020-10-01,"Pittsburgh, PA",157.0,1607.0,60.0,692.0,1973.0,927.0,1166.1026243468152,40.4397,-79.9763,2422725.0,0.06480306266703816,0.6633026860250338,0.02476550165619292,0.2856287857680917,0.8143722461278107,0.38262700058818067,,PA,Northest
2020-11-01,"Pittsburgh, PA",167.0,1774.0,83.0,775.0,1996.0,933.0,1166.9854074222474,40.4397,-79.9763,2422725.0,0.06893064627640365,0.7322333323014375,0.034258943957733545,0.31988772972582524,0.8238656884293513,0.3851035507538,0.03016894010345017,PA,Northest
2020-12-01,"Pittsburgh, PA",179.0,1958.0,74.0,853.0,2042.0,927.0,1167.6472680037905,40.4397,-79.9763,2422725.0,0.07388374660764221,0.8081808707137624,0.030544118709304603,0.35208288187887604,0.8428525730324326,0.38262700058818067,0.027103807428724647,PA,Northest
2021-01-01,"Pittsburgh, PA",208.0,208.0,96.0,96.0,1794.0,672.0,1167.709209592947,40.4397,-79.9763,2422725.0,0.08585373907480214,0.08585373907480214,0.039624802649908676,0.039624802649908676,0.7404884995201684,0.27737361854936077,0.02310458782758351,PA,Northest
2021-02-01,"Pittsburgh, PA",172.0,380.0,68.0,164.0,1851.0,708.0,1169.5466528973634,40.4397,-79.9763,2422725.0,0.07099443808108638,0.15684817715588853,0.028067568543685313,0.06769237119359399,0.7640157260935516,0.2922329195430765,0.02066089527762638,PA,Northest
2021-03-01,"Pittsburgh, PA",210.0,582.0,64.0,228.0,1943.0,725.0,1176.562946594358,40.4397,-79.9763,2422725.0,0.08667925579667522,0.24022536606507136,0.02641653509993912,0.09410890629353312,0.8019894952997141,0.2992498116789978,0.02061625191030214,PA,Northest
2021-04-01,"Pittsburgh, PA",176.0,758.0,47.0,275.0,2076.0,758.0,1184.8496134802226,40.4397,-79.9763,2422725.0,0.07264547152483257,0.3128708375899039,0.01939964296401779,0.1135085492575509,0.8568863573042751,0.3128708375899039,0.02197191840594903,PA,Northest
2021-05-01,"Pittsburgh, PA",187.0,941.0,78.0,353.0,2146.0,830.0,1195.1723467426748,40.4397,-79.9763,2422725.0,0.0771858134951346,0.3884056176412924,0.0321951521530508,0.1457037014106017,0.8857794425698335,0.34258943957733545,0.030140056762573808,PA,Northest
2021-06-01,"Pittsburgh, PA",227.0,1162.0,80.0,427.0,2205.0,837.0,1207.0559804592408,40.4397,-79.9763,2422725.0,0.09369614793259656,0.47962521540826963,0.0330206688749239,0.1762478201199063,0.9101321858650899,0.34547874810389123,0.04017445130331376,PA,Northest
2021-07-01,"Pittsburgh, PA",160.0,1261.0,48.0,423.0,2171.0,807.0,1221.6104974418645,40.4397,-79.9763,2422725.0,0.0660413377498478,0.520488293140988,0.019812401324954338,0.17459678667616013,0.8960984015932473,0.3330959972757948,0.05370052729139241,PA,Northest
2021-08-01,"Pittsburgh, PA",174.0,1442.0,51.0,481.0,2202.0,810.0,1234.571079553435,40.4397,-79.9763,2422725.0,0.07181995480295947,0.5951975564705032,0.021050676407763983,0.19853677161047995,0.9088939107822802,0.33433427235860447,0.06117124961912346,PA,Northest
2021-09-01,"Pittsburgh, PA",137.0,1579.0,48.0,529.0,2154.0,797.0,1246.3633806875685,40.4397,-79.9763,2422725.0,0.05654789544830718,0.6517454519188104,0.019812401324954338,0.21834917293543427,0.8890815094573259,0.32896841366642937,0.07088780679551832,PA,Northest
2021-10-01,"Pittsburgh, PA",138.0,1712.0,46.0,569.0,2135.0,783.0,1253.6733759712256,40.4397,-79.9763,2422725.0,0.05696065380924372,0.7066423139233714,0.01898688460308124,0.2348595073728962,0.8812391005995316,0.32318979661331765,0.07509695098530678,PA,Northest
2021-11-01,"Pittsburgh, PA",157.0,1868.0,50.0,619.0,2125.0,750.0,1257.5466632221976,40.4397,-79.9763,2422725.0,0.06480306266703816,0.771032618229473,0.020637918046827436,0.2554974254197237,0.877111516990166,0.3095687707024115,0.07760273198273393,PA,Northest
2021-12-01,"Pittsburgh, PA",241.0,2109.0,123.0,742.0,2187.0,799.0,1261.5486016782284,40.4397,-79.9763,2422725.0,0.09947476498570824,0.8705073832151813,0.050769278395195495,0.3062667038149191,0.9027025353682321,0.3297939303883024,0.08041926380299036,PA,Northest
2022-01-01,"Pittsburgh, PA",368.0,368.0,86.0,86.0,2347.0,789.0,1260.3461873913384,40.4397,-79.9763,2422725.0,0.15189507682464992,0.15189507682464992,0.03549721904054319,0.03549721904054319,0.9687438731180799,0.32566634677893697,0.07933223189246208,PA,Northest
2022-02-01,"Pittsburgh, PA",335.0,692.0,75.0,161.0,2510.0,796.0,1267.116757337534,40.4397,-79.9763,2422725.0,0.1382740509137438,0.2856287857680917,0.030956877070241154,0.06645409611078434,1.0360234859507373,0.3285556553054928,0.08342557708019283,PA,Northest
2022-03-01,"Pittsburgh, PA",499.0,1183.0,178.0,333.0,2799.0,910.0,1271.4634535879316,40.4397,-79.9763,2422725.0,0.20596642210733782,0.48829314098793714,0.07347098824670567,0.13744853419187072,1.1553106522613998,0.37561010845225934,0.08065909883382738,PA,Northest
2022-04-01,"Pittsburgh, PA",389.0,1641.0,103.0,430.0,3012.0,966.0,1284.5124540720053,40.4397,-79.9763,2422725.0,0.16056300240431745,0.6773364702968765,0.04251411117646452,0.17748609520271594,1.2432281831408847,0.39872457666470607,0.08411433776734412,PA,Northest
2022-05-01,"Pittsburgh, PA",416.0,2062.0,96.0,526.0,3241.0,984.0,1293.490865735257,40.4397,-79.9763,2422725.0,0.17170747814960427,0.8511077402511634,0.039624802649908676,0.2171108978526246,1.3377498477953544,0.40615422716156396,0.08226304704969101,PA,Northest
2022-06-01,"Pittsburgh, PA",412.0,2486.0,165.0,685.0,3426.0,1069.0,1305.81337629374,40.4397,-79.9763,2422725.0,0.17005644470585807,1.02611728528826,0.06810512955453055,0.2827394772415359,1.414110144568616,0.4412386878411706,0.08181674871195743,PA,Northest
2022-07-01,"Pittsburgh, PA",360.0,2828.0,100.0,772.0,3626.0,1121.0,1319.7800464732015,40.4397,-79.9763,2422725.0,0.14859300993715754,1.1672806447285597,0.04127583609365487,0.31864945464301564,1.4966618167559258,0.4627021226098711,0.08036076084554833,PA,Northest
2022-08-01,"Pittsburgh, PA",354.0,3139.0,85.0,827.0,3806.0,1155.0,1333.233844469317,40.4397,-79.9763,2422725.0,0.14611645977153825,1.2956484949798264,0.03508446067960664,0.3413511644945258,1.5709583217245044,0.47673590688171374,0.07991663384142278,PA,Northest
2022-09-01,"Pittsburgh, PA",299.0,3331.0,55.0,851.0,3968.0,1162.0,1345.5556328645755,40.4397,-79.9763,2422725.0,0.12341474992002806,1.3748981002796439,0.02270170985151018,0.35125736515700295,1.6378251761962253,0.47962521540826963,0.07958533900625886,PA,Northest
2022-10-01,"Pittsburgh, PA",275.0,3592.0,43.0,888.0,4105.0,1159.0,1344.6658597105663,40.4397,-79.9763,2422725.0,0.1135085492575509,1.482628032484083,0.017748609520271595,0.36652942451165527,1.6943730716445324,0.47838694032546,0.07258069404947554,PA,Northest
2022-11-01,"Pittsburgh, PA",280.0,3865.0,106.0,994.0,4228.0,1215.0,1341.7816148264058,40.4397,-79.9763,2422725.0,0.11557234106223364,1.5953110650197606,0.04375238625927416,0.4102818107709294,1.745142350039728,0.5015014085379067,0.06698355939204181,PA,Northest
2022-12-01,"Pittsburgh, PA",251.0,4033.0,75.0,1069.0,4238.0,1167.0,1332.945720098404,40.4397,-79.9763,2422725.0,0.10360234859507374,1.664654469657101,0.030956877070241154,0.4412386878411706,1.7492699336490936,0.4816890072129523,0.0565948218920751,PA,Northest
2023-01-01,"Pittsburgh, PA",269.0,269.0,52.0,52.0,4139.0,1133.0,1334.3283490337126,40.4397,-79.9763,2422725.0,0.11103199909193161,0.11103199909193161,0.021463434768700534,0.021463434768700534,1.7084068559163752,0.4676552229411097,0.05869987340184868,PA,Northest
2023-02-01,"Pittsburgh, PA",271.0,540.0,99.0,151.0,4075.0,1157.0,1336.714504616662,40.4397,-79.9763,2422725.0,0.1118575158138047,0.2228895149057363,0.04086307773271833,0.06232651250141885,1.6819903208164362,0.4775614236035869,0.05492607281539463,PA,Northest
2023-03-01,"Pittsburgh, PA",392.0,926.0,105.0,256.0,3968.0,1084.0,1346.024813892929,40.4397,-79.9763,2422725.0,0.1618012774871271,0.3822142422272441,0.04333962789833761,0.10566614039975648,1.6378251761962253,0.4474300632552188,0.05864215766060221,PA,Northest
2023-04-01,"Pittsburgh, PA",374.0,1422.0,109.0,499.0,3953.0,1090.0,1351.5698315132006,40.4397,-79.9763,2422725.0,0.1543716269902692,0.5869423892517723,0.044990661342083814,0.20596642210733782,1.6316338007821771,0.44990661342083815,0.052204536615132247,PA,Northest
2023-05-01,"Pittsburgh, PA",518.0,2040.0,179.0,753.0,4055.0,1173.0,1358.638921288839,40.4397,-79.9763,2422725.0,0.21380883096513226,0.8420270563105594,0.07388374660764221,0.31080704578522117,1.673735153597705,0.48416555737857164,0.05036607314312169,PA,Northest
2023-06-01,"Pittsburgh, PA",471.0,2770.0,131.0,1118.0,4114.0,1139.0,1366.9792790260017,40.4397,-79.9763,2422725.0,0.19440918800111445,1.14334065979424,0.05407134528268788,0.46146384752706143,1.6980878968929614,0.470131773106729,0.04684122849611749,PA,Northest
2023-07-01,"Pittsburgh, PA",462.0,3231.0,194.0,1308.0,4216.0,1233.0,1374.8610632112968,40.4397,-79.9763,2422725.0,0.1906943627526855,1.333622264185989,0.08007512202169045,0.5398879361050057,1.7401892497084894,0.5089310590347647,0.041734997346933866,PA,Northest
2023-08-01,"Pittsburgh, PA",428.0,3659.0,149.0,1465.0,4290.0,1297.0,1380.5476405142854,40.4397,-79.9763,2422725.0,0.17666057848084285,1.5102828426668318,0.061500995779545764,0.6046909987720439,1.770733368417794,0.5353475941347037,0.03548799502895994,PA,Northest
2023-09-01,"Pittsburgh, PA",650.0,4310.0,409.0,1874.0,4641.0,1651.0,1383.2892027162684,40.4397,-79.9763,2422725.0,0.26829293460875664,1.778988535636525,0.16881816962304844,0.7735091683950923,1.9156115531065225,0.6814640539062419,0.02804311388549663,PA,Northest
2023-10-01,"Pittsburgh, PA",413.0,4730.0,144.0,1979.0,4779.0,1752.0,1386.5727530325726,40.4397,-79.9763,2422725.0,0.17046920306679464,1.9523470472298754,0.05943720397486302,0.81684879629343,1.9725722069157663,0.7231526483608334,0.031165283939778465,PA,Northest
2023-11-01,"Pittsburgh, PA",333.0,5063.0,71.0,2050.0,4832.0,1717.0,1388.9016847875723,40.4397,-79.9763,2422725.0,0.13744853419187072,2.089795581421746,0.02930584362649496,0.8461546399199249,1.9944484000454032,0.7087061057280541,0.03511754032139036,PA,Northest
2023-12-01,"Pittsburgh, PA",357.0,5423.0,131.0,2188.0,4938.0,1773.0,1388.915184088724,40.4397,-79.9763,2422725.0,0.1473547348543479,2.2383885913589037,0.05407134528268788,0.9031152937291687,2.0382007863046776,0.7318205739405009,0.04198930470041029,PA,Northest
2024-01-01,"Pittsburgh, PA",449.0,449.0,181.0,181.0,5118.0,1902.0,1394.004113675319,40.4397,-79.9763,2422725.0,0.18532850406051038,0.18532850406051038,0.07470926332951532,0.07470926332951532,2.1124972912732565,0.7850664025013157,0.044723448081442685,PA,Northest
2024-02-01,"Pittsburgh, PA",517.0,966.0,265.0,446.0,5364.0,2068.0,1401.6760525042853,40.4397,-79.9763,2422725.0,0.21339607260419569,0.39872457666470607,0.1093809656481854,0.18409022897770075,2.2140358480636473,0.8535842904167827,0.04859792249075112,PA,Northest
2024-03-01,"Pittsburgh, PA",502.0,1704.0,215.0,863.0,5474.0,2178.0,1410.1323317698473,40.4397,-79.9763,2422725.0,0.20720469719014747,0.703340247035879,0.08874304760135797,0.3562104654882416,2.2594392677666675,0.898987710119803,0.04762729276253741,PA,Northest
2024-04-01,"Pittsburgh, PA",502.0,1739.0,178.0,583.0,5602.0,2247.0,1410.6505056091355,40.4397,-79.9763,2422725.0,0.20720469719014747,0.7177867896686583,0.07347098824670567,0.2406381244260079,2.312272337966546,0.9274680370244249,0.04371263157730376,PA,Northest
2024-05-01,"Pittsburgh, PA",474.0,2415.0,150.0,872.0,5558.0,2218.0,1413.1774864216432,40.4397,-79.9763,2422725.0,0.19564746308392408,0.9968114416617652,0.06191375414048231,0.3599252907366705,2.2941109700853377,0.915498044557265,0.040142060026565174,PA,Northest
2024-06-01,"Pittsburgh, PA",593.0,2980.0,279.0,1136.0,5680.0,2366.0,1422.6736967916595,40.4397,-79.9763,2422725.0,0.24476570803537337,1.230019915590915,0.1151595827012971,0.4688934980239194,2.3444674901195968,0.9765862819758743,0.040742693484967285,PA,Northest
2024-07-01,"Pittsburgh, PA",547.0,3377.0,217.0,1234.0,5765.0,2389.0,1435.8050151547268,40.4397,-79.9763,2422725.0,0.22577882343229216,1.393884984882725,0.08956856432323107,0.5093438173957011,2.3795519507992036,0.9860797242774149,0.0443273531952979,PA,Northest
2024-08-01,"Pittsburgh, PA",582.0,4101.0,243.0,1599.0,5919.0,2483.0,1444.0847914031183,40.4397,-79.9763,2422725.0,0.24022536606507136,1.6927220382007864,0.10030028170758133,0.6600006191375414,2.443116738383432,1.0248790102054504,0.04602314981695521,PA,Northest
2024-09-01,"Pittsburgh, PA",449.0,4061.0,150.0,1281.0,5718.0,2224.0,1448.8944603179723,40.4397,-79.9763,2422725.0,0.18532850406051038,1.6762117037633244,0.06191375414048231,0.5287434603597189,2.3601523078351856,0.9179745947228843,0.04742700042252879,PA,Northest
2024-10-01,"Pittsburgh, PA",481.0,4599.0,148.0,1478.0,5786.0,2228.0,1452.2787021692377,40.4397,-79.9763,2422725.0,0.19853677161047995,1.8982757019471874,0.061088237418609206,0.610056857464219,2.388219876378871,0.9196256281666305,0.047387307296324455,PA,Northest
2024-11-01,"Pittsburgh, PA",471.0,5120.0,222.0,1766.0,5924.0,2379.0,1454.8441234306415,40.4397,-79.9763,2422725.0,0.19440918800111445,2.1133228079951296,0.09163235612791382,0.728931265413945,2.445180530188115,0.9819521406680494,0.04747811840487093,PA,Northest
2024-12-01,"Pittsburgh, PA",523.0,5469.0,296.0,1913.0,6090.0,2544.0,1452.7088131132057,40.4397,-79.9763,2422725.0,0.21587262276981498,2.257375475961985,0.12217647483721841,0.7896067444716177,2.5136984181035817,1.0500572702225799,0.04593054331560009,PA,Northest
2019-11-01,"Richmond, VA",360.0,7625.0,71.0,3557.0,360.0,71.0,1172.958497554285,37.5295,-77.4756,1349732.0,0.26671961544958556,5.6492696327863605,0.052603035269223816,2.6353379782060435,0.26671961544958556,0.052603035269223816,,VA,Southeast
2019-12-01,"Richmond, VA",691.0,8321.0,388.0,3957.0,1051.0,459.0,1171.6304593335467,37.5295,-77.4756,1349732.0,0.5119534840990656,6.164927555988893,0.28746447442899775,2.9316931064833613,0.7786730995486512,0.3400675096982216,,VA,Southeast
2020-01-01,"Richmond, VA",482.0,482.0,132.0,132.0,1533.0,591.0,1174.7400573978832,37.5295,-77.4756,1349732.0,0.3571079295741673,0.3571079295741673,0.0977971923315147,0.0977971923315147,1.1357810291228185,0.43786470202973626,,VA,Southeast
2020-02-01,"Richmond, VA",724.0,1206.0,354.0,486.0,2257.0,945.0,1178.6104688793898,37.5295,-77.4756,1349732.0,0.5364027821819443,0.8935107117561115,0.2622742885254258,0.36007148085694046,1.6721838113047627,0.700138990555162,,VA,Southeast
2020-03-01,"Richmond, VA",557.0,1758.0,141.0,627.0,2814.0,1086.0,1186.2634868545397,37.5295,-77.4756,1349732.0,0.4126745161261643,1.3024807887788095,0.10446518271775433,0.46453666357469486,2.0848583274309274,0.8046041732729164,,VA,Southeast
2020-04-01,"Richmond, VA",506.0,2263.0,107.0,734.0,3320.0,1193.0,1194.006422214644,37.5295,-77.4756,1349732.0,0.37488923727080636,1.6766291382289225,0.07927499681418237,0.5438116603888772,2.459747564701733,0.8838791700870988,,VA,Southeast
2020-05-01,"Richmond, VA",1077.0,3340.0,721.0,1455.0,4397.0,1914.0,1198.3718451964112,37.5295,-77.4756,1349732.0,0.7979361828866768,2.474565321115599,0.5341801187198645,1.0779917791087417,3.25768374758841,1.4180592888069632,,VA,Southeast
2020-06-01,"Richmond, VA",786.0,4128.0,351.0,1806.0,5183.0,2265.0,1206.4433487578765,37.5295,-77.4756,1349732.0,0.5823378270649284,3.0583849238219143,0.2600516250633459,1.3380434041720874,3.840021574653339,1.6781109138703092,,VA,Southeast
2020-07-01,"Richmond, VA",832.0,4973.0,386.0,2192.0,6015.0,2651.0,1208.7463960512137,37.5295,-77.4756,1349732.0,0.6164186668168199,3.684435132307747,0.2859826987876112,1.6240261029596987,4.456440241470159,1.96409361265792,,VA,Southeast
2020-08-01,"Richmond, VA",516.0,5290.0,117.0,2102.0,6531.0,2768.0,1217.606856519698,37.5295,-77.4756,1349732.0,0.3822981154777393,3.919296571467521,0.08668387502111531,1.5573461990973023,4.838738356947898,2.0507774876790354,,VA,Southeast
2020-09-01,"Richmond, VA",752.0,6040.0,329.0,2431.0,7283.0,3097.0,1220.800638937056,37.5295,-77.4756,1349732.0,0.5571476411613564,4.474962436987491,0.24375209300809347,1.8010982921053957,5.395885998109255,2.294529580687129,,VA,Southeast
2020-10-01,"Richmond, VA",554.0,6627.0,28.0,2399.0,7837.0,3125.0,1226.6062090381772,37.5295,-77.4756,1349732.0,0.4104518526640844,4.909863587734454,0.02074485897941221,1.7773898818432103,5.806337850773339,2.315274439666541,,VA,Southeast
2020-11-01,"Richmond, VA",635.0,7258.0,157.0,2556.0,8112.0,3211.0,1231.340665603658,37.5295,-77.4756,1349732.0,0.47046376614024116,5.377363802591923,0.11631938784884703,1.8937092696920574,6.010082001463995,2.3789907922461646,0.04977343032264536,VA,Southeast
2020-12-01,"Richmond, VA",725.0,8039.0,178.0,2795.0,8146.0,3001.0,1234.7259483489463,37.5295,-77.4756,1349732.0,0.5371436700026376,5.955997190553384,0.13187803208340618,2.0707814588377547,6.035272187367566,2.223404349900573,0.053852721660454295,VA,Southeast
2021-01-01,"Richmond, VA",529.0,529.0,69.0,69.0,8193.0,2938.0,1236.1475510797136,37.5295,-77.4756,1349732.0,0.3919296571467521,0.3919296571467521,0.05112125962783723,0.05112125962783723,6.070093914940151,2.1767284171968955,0.05227326104623642,VA,Southeast
2021-02-01,"Richmond, VA",557.0,1063.0,69.0,73.0,8026.0,2653.0,1239.0267418292983,37.5295,-77.4756,1349732.0,0.4126745161261643,0.7875637533969707,0.05112125962783723,0.054084810910610404,5.946365648884371,1.965575388299307,0.05126059418711226,VA,Southeast
2021-03-01,"Richmond, VA",1240.0,2303.0,656.0,729.0,8709.0,3168.0,1245.559000272646,37.5295,-77.4756,1349732.0,0.9187008976596835,1.7062646510566541,0.4860224103748004,0.5401072212854108,6.452392030417891,2.347132615956353,0.049985112140079835,VA,Southeast
2021-04-01,"Richmond, VA",721.0,3025.0,103.0,832.0,8924.0,3164.0,1263.0371092494756,37.5295,-77.4756,1349732.0,0.5341801187198645,2.241185657597212,0.07631144553140919,0.6164186668168199,6.611682911866948,2.3441690646735793,0.05781433478958453,VA,Southeast
2021-05-01,"Richmond, VA",661.0,3675.0,62.0,881.0,8508.0,2505.0,1281.4190040038352,37.5295,-77.4756,1349732.0,0.48972684947826683,2.7227627410478523,0.04593504488298418,0.6527221700307914,6.303473578458538,1.8559239908366993,0.06929999160136546,VA,Southeast
2021-06-01,"Richmond, VA",690.0,4383.0,126.0,1007.0,8412.0,2280.0,1305.6527676767112,37.5295,-77.4756,1349732.0,0.5112125962783723,3.247311318098704,0.09335186540735495,0.7460740354381462,6.232348347671982,1.6892242311807084,0.08223296934827329,VA,Southeast
2021-07-01,"Richmond, VA",590.0,4887.0,150.0,1071.0,8170.0,2044.0,1327.7023882653202,37.5295,-77.4756,1349732.0,0.437123814209043,3.620718779728124,0.11113317310399398,0.793490855962517,6.053053495064205,1.5143747054970913,0.09841269649507733,VA,Southeast
2021-08-01,"Richmond, VA",1201.0,6084.0,814.0,1885.0,8855.0,2741.0,1349.286734708389,37.5295,-77.4756,1349732.0,0.8898062726526451,4.507561501097996,0.6030826860443407,1.3965735420068577,6.5605616522391115,2.0307735165203167,0.10814646573613529,VA,Southeast
2021-09-01,"Richmond, VA",550.0,6735.0,136.0,2125.0,8653.0,2548.0,1363.6618460066825,37.5295,-77.4756,1349732.0,0.40748830138131126,4.98987947236933,0.10076074361428788,1.574386618973248,6.410902312459066,1.887782167126511,0.11702255267003703,VA,Southeast
2021-10-01,"Richmond, VA",860.0,7595.0,329.0,2454.0,8959.0,2849.0,1372.525045155185,37.5295,-77.4756,1349732.0,0.6371635257962321,5.627042998165562,0.24375209300809347,1.8181387119813415,6.637613985591213,2.1107894011551926,0.11896143606791898,VA,Southeast
2021-11-01,"Richmond, VA",1117.0,8821.0,764.0,3337.0,9441.0,3456.0,1379.339023095985,37.5295,-77.4756,1349732.0,0.8275716957144086,6.53537146633554,0.5660382950096761,2.4723426576535195,6.994721915165381,2.560508308316021,0.12019286102256022,VA,Southeast
2021-12-01,"Richmond, VA",758.0,9579.0,375.0,3712.0,9474.0,3653.0,1389.4333247267189,37.5295,-77.4756,1349732.0,0.5615929680855163,7.096964434421055,0.27783293275998494,2.7501755904135043,7.01917121324826,2.7064632089926,0.12529693458264535,VA,Southeast
2022-01-01,"Richmond, VA",483.0,483.0,170.0,170.0,9428.0,3754.0,1401.282455082257,37.5295,-77.4756,1349732.0,0.3578488173948606,0.3578488173948606,0.12595092951785986,0.12595092951785986,6.985090373496368,2.7812928788826228,0.1335883437687566,VA,Southeast
2022-02-01,"Richmond, VA",775.0,1216.0,411.0,581.0,9646.0,4096.0,1411.4674556240072,37.5295,-77.4756,1349732.0,0.5741880610373022,0.9009195899630444,0.3045048943049435,0.43045582382280334,7.146603918407506,3.034676513559729,0.1391743276986237,VA,Southeast
2022-03-01,"Richmond, VA",1472.0,2653.0,985.0,1564.0,9878.0,4425.0,1422.3595463611457,37.5295,-77.4756,1349732.0,1.0905868720605274,1.965575388299307,0.7297745033828938,1.1587485515643106,7.3184898928083495,3.2784286065678225,0.14194473810538,VA,Southeast
2022-04-01,"Richmond, VA",1206.0,3820.0,726.0,2277.0,10363.0,5048.0,1435.6638375709551,37.5295,-77.4756,1349732.0,0.8935107117561115,2.8301914750483803,0.5378845578233309,1.6870015677186287,7.677820485844597,3.740001718859744,0.13667589578904615,VA,Southeast
2022-05-01,"Richmond, VA",784.0,4604.0,299.0,2576.0,10486.0,5285.0,1454.806514477894,37.5295,-77.4756,1349732.0,0.5808560514235419,3.411047526471922,0.22152545838729465,1.9085270261059233,7.768949687789872,3.9155921323640546,0.13530898943460645,VA,Southeast
2022-06-01,"Richmond, VA",751.0,5308.0,302.0,2832.0,10547.0,5461.0,1475.5643262387136,37.5295,-77.4756,1349732.0,0.5564067533406631,3.9326325522400003,0.22374812184937454,2.0981943082034062,7.814143844852163,4.045988388806075,0.13013533365715935,VA,Southeast
2022-07-01,"Richmond, VA",1277.0,6621.0,823.0,3719.0,11234.0,6134.0,1498.1584479949056,37.5295,-77.4756,1349732.0,0.9461137470253355,4.905418260810294,0.6097506764305803,2.7553618051583575,8.323133777668456,4.544605892132661,0.1283842382420437,VA,Southeast
2022-08-01,"Richmond, VA",1062.0,7689.0,690.0,4409.0,11095.0,6010.0,1521.3084492362198,37.5295,-77.4756,1349732.0,0.7868228655762773,5.696686453310731,0.5112125962783723,3.26657440143673,8.220150370592087,4.452735802366693,0.12749085135340676,VA,Southeast
2022-09-01,"Richmond, VA",472.0,8161.0,81.0,4490.0,11017.0,5955.0,1529.8762540059813,37.5295,-77.4756,1349732.0,0.3496990513672344,6.046385504677966,0.060011913476156746,3.3265863149128863,8.16236112057801,4.411986972228561,0.12188828813098906,VA,Southeast
2022-10-01,"Richmond, VA",1019.0,9062.0,750.0,5240.0,11176.0,6376.0,1531.3139853717591,37.5295,-77.4756,1349732.0,0.7549646892864658,6.713925431122623,0.5556658655199699,3.8822521804328565,8.280162284068245,4.723900744740438,0.1156911058031882,VA,Southeast
2022-11-01,"Richmond, VA",712.0,9774.0,455.0,5695.0,10771.0,6067.0,1523.1106434664314,37.5295,-77.4756,1349732.0,0.5275121283336247,7.241437559456248,0.3371039584154484,4.219356138848305,7.98010271668746,4.49496640814621,0.10423225759809562,VA,Southeast
2022-12-01,"Richmond, VA",647.0,10407.0,404.0,6087.0,10660.0,6096.0,1520.5985101933106,37.5295,-77.4756,1349732.0,0.47935441998856065,7.710419549955102,0.29931867956009045,4.509784164560076,7.897864168590505,4.5164521549463155,0.0944019285649349,VA,Southeast
2023-01-01,"Richmond, VA",1245.0,1245.0,919.0,919.0,11422.0,6845.0,1512.9141894323047,37.5295,-77.4756,1349732.0,0.92240533676315,0.92240533676315,0.6808759072171364,0.6808759072171364,8.462420687958794,5.071377132645591,0.07966397776920342,VA,Southeast
2023-02-01,"Richmond, VA",782.0,2027.0,468.0,1387.0,11429.0,6902.0,1510.6890131012458,37.5295,-77.4756,1349732.0,0.5793742757821553,1.5017796125453053,0.34673550008446125,1.0276114073015976,8.467606902703647,5.1136077384251095,0.07029673768381217,VA,Southeast
2023-03-01,"Richmond, VA",953.0,2980.0,525.0,1912.0,10910.0,6442.0,1512.7423299142538,37.5295,-77.4756,1349732.0,0.7060660931207084,2.207845705666014,0.3889661058639789,1.4165775131655765,8.08308612376383,4.772799340906195,0.06354425910406158,VA,Southeast
2023-04-01,"Richmond, VA",388.0,3371.0,75.0,1987.0,10092.0,5791.0,1523.369833699769,37.5295,-77.4756,1349732.0,0.28746447442899775,2.4975328435570914,0.05556658655199699,1.4721440997175734,7.477039886436716,4.29048136963486,0.061090900135233994,VA,Southeast
2023-05-01,"Richmond, VA",931.0,4302.0,501.0,2488.0,10239.0,5993.0,1534.6356834682406,37.5295,-77.4756,1349732.0,0.689766561065456,3.1872994046225473,0.3711847981673399,1.8433288978849136,7.585950396078629,4.440140709414906,0.05487270519887377,VA,Southeast
2023-06-01,"Richmond, VA",472.0,4774.0,84.0,2572.0,9960.0,5775.0,1544.1385537794215,37.5295,-77.4756,1349732.0,0.3496990513672344,3.5369984559897816,0.062234576938236634,1.90556347482315,7.3792426941052,4.278627164503768,0.046473221344071725,VA,Southeast
2023-07-01,"Richmond, VA",431.0,5163.0,46.0,2574.0,9114.0,4998.0,1553.0675392239598,37.5295,-77.4756,1349732.0,0.3193226507188094,3.8252038182394728,0.03408083975189148,1.9070452504645368,6.752451597798673,3.7029573278250796,0.0366510573714971,VA,Southeast
2023-08-01,"Richmond, VA",596.0,5754.0,210.0,2784.0,8648.0,4518.0,1557.12301670965,37.5295,-77.4756,1349732.0,0.4415691411332027,4.263068520269209,0.15558644234559157,2.0626316928101285,6.407197873355599,3.347331173892299,0.023541950017704316,VA,Southeast
2023-09-01,"Richmond, VA",1205.0,6959.0,845.0,3629.0,9381.0,5282.0,1561.0024939470445,37.5295,-77.4756,1349732.0,0.8927698239354184,5.155838344204627,0.6260502084858327,2.6886819012959613,6.950268645923783,3.9133694689019745,0.02034559322007845,VA,Southeast
2023-10-01,"Richmond, VA",1572.0,8531.0,1185.0,4814.0,9934.0,5717.0,1564.0077726415134,37.5295,-77.4756,1349732.0,1.1646756541298569,6.3205139983344845,0.8779520675215524,3.5666339688175133,7.359979610767175,4.235655670903557,0.021350152602320316,VA,Southeast
2023-11-01,"Richmond, VA",904.0,9437.0,508.0,5322.0,10126.0,5770.0,1560.006116487023,37.5295,-77.4756,1349732.0,0.669762589906737,6.9917583638826075,0.37637101291219294,3.943004981729706,7.502230072340287,4.274922725400302,0.024223764162412786,VA,Southeast
2023-12-01,"Richmond, VA",563.0,9976.0,169.0,5460.0,10042.0,5535.0,1558.006625802108,37.5295,-77.4756,1349732.0,0.41711984305032407,7.391096899236293,0.12521004169716657,4.045247500985381,7.439995495402051,4.100814087537378,0.024600915598715023,VA,Southeast
2024-01-01,"Richmond, VA",826.0,826.0,456.0,456.0,9623.0,5072.0,1549.1739150367189,37.5295,-77.4756,1349732.0,0.6119733398926601,0.6119733398926601,0.3378448462361417,0.3378448462361417,7.12956349853156,3.757783026556383,0.023966809127502486,VA,Southeast
2024-02-01,"Richmond, VA",554.0,1380.0,117.0,573.0,9395.0,4721.0,1559.4987517070758,37.5295,-77.4756,1349732.0,0.4104518526640844,1.0224251925567447,0.08668387502111531,0.424528721257257,6.9606410754134895,3.497731401493037,0.03230958733566891,VA,Southeast
2024-03-01,"Richmond, VA",617.0,1954.0,243.0,759.0,9059.0,4439.0,1570.9614875659108,37.5295,-77.4756,1349732.0,0.45712778536776194,1.4476948016346949,0.18003574042847023,0.5623338559062095,6.711702767660543,3.2888010360575284,0.03848583892998958,VA,Southeast
2024-04-01,"Richmond, VA",453.0,2396.0,0.0,741.0,9124.0,4364.0,1588.5741620387803,37.5295,-77.4756,1349732.0,0.3356221827740618,1.7751672183811305,0.0,0.5489978751337302,6.759860476005607,3.2332344495055314,0.042802691044925734,VA,Southeast
2024-05-01,"Richmond, VA",806.0,3202.0,355.0,1096.0,8999.0,4218.0,1605.9356717296423,37.5295,-77.4756,1349732.0,0.5971555834787943,2.3723228018599247,0.2630151763461191,0.8120130514798494,6.667249498418945,3.125064827684311,0.04646053068456313,VA,Southeast
2024-06-01,"Richmond, VA",1018.0,4220.0,542.0,1638.0,9545.0,4676.0,1618.265938181371,37.5295,-77.4756,1349732.0,0.7542238014657725,3.1265466033256972,0.4015611988157649,1.2135742502956144,7.0717742485174835,3.464391449561839,0.04800565611195706,VA,Southeast
2024-07-01,"Richmond, VA",754.0,4972.0,322.0,1957.0,9868.0,4952.0,1637.2812262411865,37.5295,-77.4756,1349732.0,0.558629416802743,3.6836942444870537,0.2385658782632404,1.4499174650967748,7.311081014601417,3.668876488073188,0.05422409836684028,VA,Southeast
2024-08-01,"Richmond, VA",607.0,5579.0,173.0,2130.0,9879.0,4915.0,1652.9302134381414,37.5295,-77.4756,1349732.0,0.44971890716082896,4.133413151647883,0.12817359297993972,1.5780910580767145,7.319230780629043,3.6414636387075356,0.06152834149927422,VA,Southeast
2024-09-01,"Richmond, VA",461.0,6042.0,83.0,2213.0,9135.0,4153.0,1665.5159924698287,37.5295,-77.4756,1349732.0,0.34154928533960816,4.476444212628878,0.06149368911754333,1.6395847471942577,6.768010242033234,3.0769071193392468,0.06695280688406746,VA,Southeast
2024-10-01,"Richmond, VA",668.0,6709.0,307.0,2520.0,8231.0,3275.0,1658.746953364102,37.5295,-77.4756,1349732.0,0.4949130642231198,4.970616389031305,0.227452560952841,1.8670373081470988,6.0982476521264966,2.426407612770535,0.06057462269677849,VA,Southeast
2024-11-01,"Richmond, VA",1225.0,7934.0,836.0,3356.0,8552.0,3603.0,1643.9194493086786,37.5295,-77.4756,1349732.0,0.9075875803492841,5.878203969380588,0.6193822180995932,2.4864195262466917,6.336072642569043,2.6694188179579355,0.053790387059904576,VA,Southeast
2024-12-01,"Richmond, VA",684.0,8625.0,326.0,3682.0,8673.0,3760.0,1643.7495084588688,37.5295,-77.4756,1349732.0,0.5067672693542126,6.390157453479653,0.24152942954601356,2.7279489557927055,6.4257200688729315,2.7857382058067826,0.05503370860994772,VA,Southeast
2019-11-01,"Salt Lake City, UT",993.0,10150.0,587.0,5816.0,993.0,587.0,1248.510668404405,40.7776,-111.9311,1267864.0,0.7832070316690117,8.005590504975297,0.46298341146999994,4.587242795757273,0.7832070316690117,0.46298341146999994,,UT,West
2019-12-01,"Salt Lake City, UT",462.0,10610.0,168.0,5960.0,1455.0,755.0,1242.7062743753595,40.7776,-111.9311,1267864.0,0.3643923953988756,8.368405444117036,0.13250632559959113,4.700819646271208,1.1475994270678873,0.5954897370695911,,UT,West
2020-01-01,"Salt Lake City, UT",800.0,800.0,461.0,461.0,2255.0,1216.0,1238.984162830853,40.7776,-111.9311,1267864.0,0.6309825028551959,0.6309825028551959,0.36360366727030663,0.36360366727030663,1.7785819299230832,0.9590934043398976,,UT,West
2020-02-01,"Salt Lake City, UT",499.0,1287.0,82.0,527.0,2754.0,1298.0,1246.139688547656,40.7776,-111.9311,1267864.0,0.39357533615592843,1.0150931014682962,0.06467570654265757,0.41565972375586024,2.1721572660790116,1.0237691108825553,,UT,West
2020-03-01,"Salt Lake City, UT",1588.0,2853.0,1184.0,1693.0,4342.0,2482.0,1253.4163482771037,40.7776,-111.9311,1267864.0,1.2525002681675639,2.250241350807342,0.9338541042256898,1.335316721667308,3.4246575342465753,1.9576232151082449,,UT,West
2020-04-01,"Salt Lake City, UT",808.0,3654.0,463.0,2149.0,5150.0,2945.0,1265.346736109014,40.7776,-111.9311,1267864.0,0.6372923278837478,2.882012581791107,0.3651811235274446,1.6949767482947697,4.061949862130323,2.32280433863569,,UT,West
2020-05-01,"Salt Lake City, UT",778.0,4467.0,414.0,2604.0,5928.0,3359.0,1263.8340407913556,40.7776,-111.9311,1267864.0,0.6136304840266779,3.5232485503176996,0.32653344522756383,2.053848046793662,4.675580346157001,2.6493377838632535,,UT,West
2020-06-01,"Salt Lake City, UT",625.0,5186.0,218.0,2925.0,6553.0,3577.0,1267.2182123119858,40.7776,-111.9311,1267864.0,0.4929550803556218,4.090344074758807,0.17194273202804086,2.3070297760643097,5.168535426512623,2.8212805158912944,,UT,West
2020-07-01,"Salt Lake City, UT",891.0,6077.0,453.0,3378.0,7444.0,4030.0,1268.958054573935,40.7776,-111.9311,1267864.0,0.7027567625549743,4.793100837313782,0.35729384224175464,2.6643236183060646,5.871292189067597,3.178574358133049,,UT,West
2020-08-01,"Salt Lake City, UT",1283.0,7360.0,783.0,4161.0,8727.0,4813.0,1278.8528265334005,40.7776,-111.9311,1267864.0,1.0119381889540204,5.805039026267802,0.6175741246695229,3.2818977429755876,6.883230378021617,3.7961484828025718,,UT,West
2020-09-01,"Salt Lake City, UT",657.0,8016.0,114.0,4275.0,9384.0,4927.0,1284.1488392533593,40.7776,-111.9311,1267864.0,0.5181943804698296,6.322444678609062,0.0899150066568654,3.3718127496324524,7.401424758491447,3.8860634894594375,,UT,West
2020-10-01,"Salt Lake City, UT",987.0,9003.0,461.0,4736.0,10371.0,5388.0,1289.2766127922375,40.7776,-111.9311,1267864.0,0.7784746628975978,7.1009193415066605,0.36360366727030663,3.7354164169027593,8.179899421389043,4.249667156729744,,UT,West
2020-11-01,"Salt Lake City, UT",1134.0,10122.0,667.0,5403.0,10512.0,5468.0,1290.127165101782,40.7776,-111.9311,1267864.0,0.8944176977972401,7.983506117375366,0.5260816617555195,4.261498078658279,8.291110087517273,4.312765407015263,0.03333291236554925,UT,West
2020-12-01,"Salt Lake City, UT",864.0,11020.0,469.0,5942.0,10914.0,5769.0,1290.707335224502,40.7776,-111.9311,1267864.0,0.6814611030836115,8.691783976830322,0.36991349229885856,4.686622539956967,8.60817879520201,4.550172573714531,0.03862623198975168,UT,West
2021-01-01,"Salt Lake City, UT",946.0,946.0,433.0,433.0,11060.0,5741.0,1287.1524188397873,40.7776,-111.9311,1267864.0,0.746136809626269,0.746136809626269,0.3415192796703747,0.3415192796703747,8.723333101973083,4.528088186114599,0.03887721687973689,UT,West
2021-02-01,"Salt Lake City, UT",834.0,1780.0,422.0,828.0,11395.0,6081.0,1294.7811326072615,40.7776,-111.9311,1267864.0,0.6577992592265416,1.4039360688528109,0.3328432702561158,0.6530668904551277,8.987557025043694,4.796255749828058,0.03903370104221282,UT,West
2021-03-01,"Salt Lake City, UT",1096.0,2876.0,511.0,1339.0,10903.0,5408.0,1314.8084101005825,40.7776,-111.9311,1267864.0,0.8644460289116183,2.2683820977644293,0.40304007369875633,1.0561069641538838,8.599502785787749,4.265441719301124,0.04897978385862434,UT,West
2021-04-01,"Salt Lake City, UT",1087.0,3916.0,411.0,1652.0,11182.0,5356.0,1337.398410214803,40.7776,-111.9311,1267864.0,0.8573474757544973,3.088659351476184,0.3241672608418568,1.3029788683959795,8.8195579336585,4.224427856615535,0.05694223729327397,UT,West
2021-05-01,"Salt Lake City, UT",1001.0,4832.0,583.0,2235.0,11405.0,5525.0,1362.666460020629,40.7776,-111.9311,1267864.0,0.7895168566975638,3.8111343172453824,0.459828498955724,1.7628073673517035,8.995444306329386,4.357722910343696,0.07820047256156282,UT,West
2021-06-01,"Salt Lake City, UT",1040.0,5872.0,578.0,2614.0,11820.0,5885.0,1387.2227644486863,40.7776,-111.9311,1267864.0,0.8202772537117545,4.6314115709571375,0.455884858312879,2.0617353280793522,9.322766479685518,4.641665036628534,0.09469920095115847,UT,West
2021-07-01,"Salt Lake City, UT",1076.0,6853.0,728.0,3314.0,12005.0,6160.0,1417.2805739745177,40.7776,-111.9311,1267864.0,0.8486714663402384,5.405153865083321,0.5741940775982282,2.6138450180776487,9.468681183470782,4.858565271985008,0.11688528148425159,UT,West
2021-08-01,"Salt Lake City, UT",1115.0,7859.0,677.0,3914.0,11837.0,6054.0,1445.1737054489429,40.7776,-111.9311,1267864.0,0.8794318633544291,6.19861436242373,0.5339689430412095,3.0870818952190455,9.336174857871193,4.774960090356695,0.13005474552250873,UT,West
2021-09-01,"Salt Lake City, UT",1092.0,8863.0,805.0,4656.0,12272.0,6745.0,1468.836927404609,40.7776,-111.9311,1267864.0,0.8612911163973423,6.990497403507001,0.6349261434980408,3.6723181666172398,9.679271593798704,5.319971227197869,0.14382140333408144,UT,West
2021-10-01,"Salt Lake City, UT",704.0,9646.0,420.0,5104.0,11989.0,6704.0,1488.846939620218,40.7776,-111.9311,1267864.0,0.5552646025125724,7.608071528176524,0.3312658139989778,4.025668368216149,9.456061533413678,5.287633373926541,0.15479248196068895,UT,West
2021-11-01,"Salt Lake City, UT",829.0,10483.0,563.0,5667.0,11684.0,6600.0,1506.3857192183077,40.7776,-111.9311,1267864.0,0.6538556185836967,8.268236971788772,0.44405393638434404,4.469722304600493,9.215499454200135,5.205605648555366,0.1676257658674014,UT,West
2021-12-01,"Salt Lake City, UT",1035.0,11485.0,610.0,6277.0,11855.0,6741.0,1516.8727794737697,40.7776,-111.9311,1267864.0,0.8163336130689096,9.058542556614904,0.48112415842708683,4.95084646302758,9.350371964185433,5.316816314683594,0.17522596957266767,UT,West
2022-01-01,"Salt Lake City, UT",1161.0,1161.0,730.0,730.0,12070.0,7038.0,1528.2320794398129,40.7776,-111.9311,1267864.0,0.9157133572686029,0.9157133572686029,0.5757715338553662,0.5757715338553662,9.519948511827765,5.551068568868585,0.18729690211616878,UT,West
2022-02-01,"Salt Lake City, UT",953.0,2497.0,571.0,1660.0,12189.0,7187.0,1538.0802923555289,40.7776,-111.9311,1267864.0,0.7516579065262521,1.9694541370367802,0.450363761412896,1.3092886934245314,9.613807159127477,5.668589060025366,0.18790755720879493,UT,West
2022-03-01,"Salt Lake City, UT",1320.0,3672.0,824.0,2383.0,12413.0,7500.0,1554.997061702129,40.7776,-111.9311,1267864.0,1.0411211297110732,2.896209688105349,0.6499119779408516,1.8795391303799145,9.790482259926932,5.915460964267461,0.18267958263453177,UT,West
2022-04-01,"Salt Lake City, UT",983.0,4556.0,517.0,2828.0,12309.0,7606.0,1578.224670651068,40.7776,-111.9311,1267864.0,0.7753197503833219,3.59344535376034,0.4077724424701703,2.230523147593117,9.708454534555758,5.999066145895775,0.1800706944145276,UT,West
2022-05-01,"Salt Lake City, UT",630.0,5004.0,339.0,3053.0,11938.0,7362.0,1602.13428531071,40.7776,-111.9311,1267864.0,0.4968987209984667,3.9467955553592504,0.26737883558488923,2.4079869765211415,9.41583639885666,5.80661648252494,0.17573473209757862,UT,West
2022-06-01,"Salt Lake City, UT",1005.0,6009.0,602.0,3655.0,11903.0,7386.0,1621.8343270019614,40.7776,-111.9311,1267864.0,0.7926717692118397,4.739467324571089,0.47481433339853485,2.882801309919676,9.388230914356745,5.825545957610595,0.16912320686037385,UT,West
2022-07-01,"Salt Lake City, UT",663.0,6650.0,423.0,4059.0,11490.0,7081.0,1636.6846741885693,40.7776,-111.9311,1267864.0,0.5229267492412435,5.2450420549838155,0.3336319983846848,3.20144747386155,9.06248619725775,5.584983878397052,0.15480639771895754,UT,West
2022-08-01,"Salt Lake City, UT",586.0,7190.0,336.0,4347.0,10961.0,6740.0,1646.9778593541944,40.7776,-111.9311,1267864.0,0.46219468334143093,5.670955244411072,0.26501265119918227,3.4286011748894207,8.645249017244751,5.316027586555025,0.13964006758797276,UT,West
2022-09-01,"Salt Lake City, UT",900.0,8090.0,630.0,4977.0,10769.0,6565.0,1652.1190066029335,40.7776,-111.9311,1267864.0,0.7098553157120953,6.380810560123168,0.4968987209984667,3.9254998958878873,8.493813216559504,5.178000164055451,0.12478041352226787,UT,West
2022-10-01,"Salt Lake City, UT",634.0,8724.0,431.0,5408.0,10699.0,6576.0,1652.3232933462637,40.7776,-111.9311,1267864.0,0.5000536335127427,6.880864193635911,0.33994182341323675,4.265441719301124,8.438602247559675,5.186676173469709,0.10980064463023043,UT,West
2022-11-01,"Salt Lake City, UT",498.0,9241.0,383.0,5807.0,10368.0,6396.0,1648.025779355451,40.7776,-111.9311,1267864.0,0.39278660802735943,7.28863663610608,0.302082873241925,4.580144242600153,8.177533237003338,5.044705110327291,0.0940264225358185,UT,West
2022-12-01,"Salt Lake City, UT",626.0,9913.0,449.0,6274.0,9959.0,6235.0,1640.329793425159,40.7776,-111.9311,1267864.0,0.49374380848419075,7.818661938504445,0.3541389297274786,4.948480278641873,7.85494343241862,4.917719881627683,0.08138916830864273,UT,West
2023-01-01,"Salt Lake City, UT",628.0,628.0,409.0,409.0,9426.0,5914.0,1635.069594937661,40.7776,-111.9311,1267864.0,0.49532126474132876,0.49532126474132876,0.32258980458471886,0.32258980458471886,7.434551339891344,4.664538152357035,0.0699092218617805,UT,West
2023-02-01,"Salt Lake City, UT",1247.0,1898.0,1109.0,1531.0,9720.0,6452.0,1627.3302426677783,40.7776,-111.9311,1267864.0,0.9835439763255364,1.4970059880239521,0.8746994945830152,1.207542764839131,7.666437409690629,5.088873885527154,0.05802684733419583,UT,West
2023-03-01,"Salt Lake City, UT",627.0,2549.0,427.0,1977.0,9027.0,6055.0,1628.7091369472414,40.7776,-111.9311,1267864.0,0.49453253661275975,2.0104679997223673,0.33678691089896073,1.5593155101809026,7.119848816592316,4.775748818485264,0.04740335339568147,UT,West
2023-04-01,"Salt Lake City, UT",593.0,3142.0,374.0,2351.0,8637.0,5912.0,1630.1228583893137,40.7776,-111.9311,1267864.0,0.4677157802414139,2.4781837799637816,0.2949843200848041,1.8542998302657068,6.812244846450408,4.662960696099897,0.03288390347924053,UT,West
2023-05-01,"Salt Lake City, UT",729.0,3871.0,378.0,2729.0,8736.0,5951.0,1640.521280947654,40.7776,-111.9311,1267864.0,0.5749828057267972,3.0531665856905787,0.29813923259908004,2.1524390628647865,6.890328931178739,4.693721093114088,0.023959911468656614,UT,West
2023-06-01,"Salt Lake City, UT",911.0,4782.0,594.0,3323.0,8642.0,5943.0,1651.1935742327064,40.7776,-111.9311,1267864.0,0.7185313251263542,3.771697910816933,0.4685045083699829,2.6209435712347697,6.816188487093253,4.687411268085536,0.018102494651853318,UT,West
2023-07-01,"Salt Lake City, UT",996.0,5778.0,650.0,3973.0,8975.0,6170.0,1659.4976980588074,40.7776,-111.9311,1267864.0,0.7855732160547189,4.557271126871652,0.5126732835698465,3.133616854804616,7.078834953906728,4.8664525532706975,0.01393855776253794,UT,West
2023-08-01,"Salt Lake City, UT",1036.0,6828.0,658.0,4657.0,9425.0,6492.0,1662.1827737764947,40.7776,-111.9311,1267864.0,0.8171223411974786,5.385435661869096,0.5189831085983986,3.6731068947458088,7.433762611762776,5.1204230106699145,0.009232009001179042,UT,West
2023-09-01,"Salt Lake City, UT",527.0,7327.0,315.0,4960.0,9052.0,6177.0,1661.2117047307906,40.7776,-111.9311,1267864.0,0.41565972375586024,5.779010998025025,0.24844936049923336,3.9120915177022137,7.13956701980654,4.871973650170681,0.005503658084869745,UT,West
2023-10-01,"Salt Lake City, UT",500.0,7827.0,291.0,5251.0,8918.0,6037.0,1656.1341246316292,40.7776,-111.9311,1267864.0,0.3943640642844974,6.173375062309522,0.22951988541357748,4.141611403115792,7.033877450578295,4.761551712171021,0.002306347250995877,UT,West
2023-11-01,"Salt Lake City, UT",697.0,8462.0,457.0,5544.0,9117.0,6111.0,1653.6917332998023,40.7776,-111.9311,1267864.0,0.5497435056125893,6.674217423950834,0.3604487547560306,4.372708744786507,7.190834348163525,4.819917593685127,0.0034380250693453185,UT,West
2023-12-01,"Salt Lake City, UT",704.0,9199.0,544.0,6248.0,9195.0,6206.0,1645.087905258992,40.7776,-111.9311,1267864.0,0.5552646025125724,7.255510054706183,0.42906810194153316,4.92797334729908,7.252355142191907,4.894846765899182,0.0029007043906075225,UT,West
