id,renters,year,burdened_renters,extreme_burdened_renters,burdened_renters_pct,extreme_burdened_renters_pct
1003,26564.0,2023,11051.0,3933.0,0.416014154494805,0.1480575214576118
1015,14476.0,2023,5516.0,2916.0,0.38104448742746616,0.2014368610113291
1043,7529.0,2023,2935.0,1136.0,0.38982600610970913,0.15088325142781245
1049,4879.0,2023,1343.0,688.0,0.27526132404181186,0.1410125025620004
1051,8098.0,2023,3801.0,2449.0,0.469375154359101,0.3024203507038775
1055,10180.0,2023,4673.0,2151.0,0.45903732809430253,0.2112966601178782
1069,17086.0,2023,7292.0,3434.0,0.4267821608334309,0.2009832611494791
1073,101646.0,2023,46782.0,27245.0,0.46024437754559944,0.26803809298939457
1077,13529.0,2023,3107.0,2307.0,0.2296548155813438,0.17052258112203414
1081,27372.0,2023,13386.0,8260.0,0.4890398947829899,0.3017682303083443
1083,9929.0,2023,2710.0,1237.0,0.27293785879746196,0.12458455030718099
1089,52740.0,2023,23310.0,11199.0,0.44197952218430037,0.21234357224118316
1095,9088.0,2023,2912.0,1128.0,0.3204225352112676,0.12411971830985916
1097,54453.0,2023,25712.0,11466.0,0.47218702367179033,0.21056691091399923
1101,39482.0,2023,17755.0,8726.0,0.4496985968289347,0.22101210678283775
1103,13773.0,2023,4798.0,3413.0,0.3483627386916431,0.24780367385464314
1115,4959.0,2023,1577.0,537.0,0.31800766283524906,0.10828796128251664
1117,15367.0,2023,7331.0,4347.0,0.4770612351142058,0.2828788963363051
1121,9046.0,2023,2870.0,1548.0,0.31726730046429363,0.1711253592748176
1125,35380.0,2023,16264.0,11165.0,0.45969474279253814,0.3155737704918033
2020,40364.0,2023,16656.0,7876.0,0.4126449311267466,0.1951243682489347
2090,13592.0,2023,6046.0,3453.0,0.4448204826368452,0.2540464979399647
2170,8879.0,2023,3946.0,1580.0,0.44441941660096856,0.17794796711341368
4001,5261.0,2023,973.0,349.0,0.18494582778939364,0.06633719825128302
4003,15636.0,2023,7835.0,3865.0,0.5010872345868509,0.24718598106932718
4005,22780.0,2023,12023.0,7219.0,0.5277875329236172,0.316900790166813
4013,606114.0,2023,304361.0,147552.0,0.5021514104607384,0.24343935299300132
4015,24678.0,2023,11081.0,6044.0,0.4490234216711241,0.2449144987438204
4017,11783.0,2023,3284.0,1482.0,0.2787066112195536,0.12577442077569378
4019,153164.0,2023,76469.0,39443.0,0.49926222872215403,0.257521349664412
4021,30264.0,2023,12856.0,6977.0,0.4247951361353423,0.2305379328575205
4025,27420.0,2023,12286.0,7458.0,0.44806710430342817,0.27199124726477025
4027,24628.0,2023,9063.0,4157.0,0.36799577716420334,0.16879161929511124
5007,40975.0,2023,12863.0,5019.0,0.3139231238560098,0.12248932275777913
5031,20293.0,2023,8532.0,4521.0,0.4204405460010841,0.22278618242743803
5045,17781.0,2023,6710.0,2922.0,0.37736910185028966,0.16433271469546146
5051,14924.0,2023,7122.0,3416.0,0.47721790404717235,0.22889305816135083
5069,9466.0,2023,3124.0,1754.0,0.33002324107331504,0.18529473906613142
5085,5953.0,2023,2289.0,1057.0,0.3845120107508819,0.1775575340164623
5119,69995.0,2023,32550.0,16301.0,0.46503321665833275,0.23288806343310237
5125,12123.0,2023,3572.0,1658.0,0.29464653963540377,0.13676482718798977
5131,20295.0,2023,7859.0,4092.0,0.3872382360187238,0.2016260162601626
5143,44977.0,2023,20549.0,9567.0,0.4568779598461436,0.2127087177890922
5145,7922.0,2023,3348.0,1828.0,0.42262055036606916,0.2307498106538753
6001,280368.0,2023,134819.0,67606.0,0.48086443531358786,0.24113308223477714
6007,37524.0,2023,20415.0,13078.0,0.5440518068436201,0.3485236115552713
6013,130887.0,2023,65818.0,36452.0,0.5028612467242736,0.278499774614744
6017,18285.0,2023,7122.0,3470.0,0.38949958982772764,0.18977303800929723
6019,137399.0,2023,73167.0,42285.0,0.5325147926840806,0.3077533315380752
6023,25457.0,2023,12243.0,6949.0,0.4809286247397572,0.2729701064540205
6025,21913.0,2023,9102.0,4282.0,0.41536987176561857,0.19540911787523388
6029,116648.0,2023,57615.0,30790.0,0.49392188464440023,0.2639565187572869
6031,19971.0,2023,9483.0,4261.0,0.4748385158479796,0.2133593710880777
6033,6192.0,2023,3641.0,2055.0,0.588016795865633,0.3318798449612403
6037,1883168.0,2023,999745.0,533374.0,0.5308846581930025,0.2832322979150028
6039,16026.0,2023,9643.0,5942.0,0.6017097217022339,0.3707724946961188
6041,34912.0,2023,18127.0,11006.0,0.5192197525206232,0.31524977085242895
6045,13401.0,2023,6228.0,2287.0,0.46474143720617866,0.17065890605178718
6047,41762.0,2023,20458.0,12107.0,0.489871174752167,0.2899046980508596
6053,62113.0,2023,34472.0,17600.0,0.5549884887221677,0.2833545312575467
6055,19099.0,2023,9525.0,4536.0,0.49871721032514793,0.23749934551547203
6057,11284.0,2023,4275.0,2088.0,0.37885501595179016,0.18504076568592698
6059,469928.0,2023,251783.0,132485.0,0.5357905891966429,0.2819261674128803
6061,42841.0,2023,23530.0,10969.0,0.5492402138138699,0.25603977498190983
6065,244455.0,2023,136934.0,70615.0,0.5601603567118693,0.2888670716491788
6067,228201.0,2023,118138.0,61432.0,0.5176927357899396,0.26920127431518703
6069,6268.0,2023,2943.0,1609.0,0.46952776005105296,0.25670070197830247
6071,254272.0,2023,138369.0,72702.0,0.5441771016863831,0.2859221620941354
6073,537948.0,2023,293087.0,149980.0,0.5448240350368437,0.27880018143017543
6075,233851.0,2023,86212.0,44583.0,0.36866209680523065,0.19064703593313692
6077,92511.0,2023,46142.0,22373.0,0.4987731188723503,0.24184151073926344
6079,41375.0,2023,22456.0,12739.0,0.5427432024169184,0.30789123867069484
6081,108431.0,2023,47881.0,23903.0,0.44158035986018757,0.22044433787385526
6083,74295.0,2023,41583.0,24214.0,0.5597011911972541,0.3259169526886062
6085,305359.0,2023,131364.0,64217.0,0.430195278344506,0.21030000753211794
6087,39487.0,2023,19684.0,10635.0,0.4984931749689771,0.2693291463013144
6089,23121.0,2023,11729.0,4869.0,0.5072877470697634,0.21058777734527054
6095,56240.0,2023,29871.0,15975.0,0.5311344238975818,0.28405049786628733
6097,68236.0,2023,32712.0,15225.0,0.47939504074095785,0.2231226918342224
6099,69614.0,2023,31593.0,16890.0,0.45383112592294655,0.2426236101933519
6101,12714.0,2023,6179.0,2396.0,0.48599968538618843,0.1884536731162498
6103,8105.0,2023,5288.0,1504.0,0.6524367674275139,0.18556446637877852
6107,59406.0,2023,28488.0,14935.0,0.47954752045247956,0.2514055819277514
6111,103962.0,2023,56189.0,30048.0,0.5404763278890363,0.2890286835574537
6113,34551.0,2023,20132.0,10979.0,0.5826748863998148,0.31776214870770747
6115,9632.0,2023,4258.0,2144.0,0.4420681063122924,0.22259136212624583
8001,61042.0,2023,31403.0,14164.0,0.5144490678549196,0.23203695815995545
8005,91488.0,2023,51127.0,24817.0,0.5588383175935642,0.2712596187478139
8013,53256.0,2023,30529.0,18759.0,0.573249962445546,0.3522420009013069
8014,13719.0,2023,6122.0,2597.0,0.4462424374954443,0.18929951162621184
8031,181395.0,2023,83351.0,41442.0,0.4594999862179222,0.2284627470437443
8035,36272.0,2023,16850.0,8120.0,0.4645456550507278,0.2238641376268196
8041,100411.0,2023,49624.0,26020.0,0.4942088018245013,0.259134955333579
8059,73228.0,2023,36648.0,17703.0,0.5004643032719724,0.24175178893319496
8069,57410.0,2023,29186.0,14059.0,0.508378331301167,0.24488765023515066
8077,20820.0,2023,10004.0,4574.0,0.48049951969260324,0.2196926032660903
8101,19744.0,2023,8253.0,4645.0,0.41800040518638576,0.23526134521880065
8123,32500.0,2023,17284.0,9043.0,0.5318153846153846,0.27824615384615387
9110,135731.0,2023,65340.0,35405.0,0.48139334418813684,0.2608468220229719
9120,40848.0,2023,22116.0,11493.0,0.5414218566392479,0.2813601645123384
9130,20230.0,2023,9335.0,4031.0,0.46144340088976765,0.19925852694018784
9140,58032.0,2023,29147.0,15768.0,0.5022573752412463,0.271712158808933
9150,10025.0,2023,3721.0,1334.0,0.37117206982543643,0.13306733167082294
9160,9743.0,2023,3217.0,1726.0,0.33018577440213487,0.1771528276711485
9170,96014.0,2023,47170.0,26340.0,0.49128252129897726,0.274334992813548
9180,40217.0,2023,18846.0,9310.0,0.4686078026705125,0.23149414426734963
9190,84008.0,2023,41620.0,22403.0,0.49542900676126084,0.2666769831444624
10001,20028.0,2023,9621.0,4152.0,0.4803774715398442,0.20730976632714201
10003,67569.0,2023,31064.0,17018.0,0.4597374535659844,0.25186106054551644
10005,21320.0,2023,8566.0,4084.0,0.4017823639774859,0.19155722326454033
11001,203739.0,2023,81357.0,44006.0,0.39931971787433923,0.21599202901751752
12001,53954.0,2023,34436.0,18277.0,0.6382473959298662,0.3387515290803277
12005,25120.0,2023,12447.0,5082.0,0.4955015923566879,0.20230891719745223
12009,60211.0,2023,31156.0,19360.0,0.5174469781269203,0.32153593197256314
12011,273695.0,2023,165346.0,91227.0,0.6041250296863296,0.3333162827234696
12015,14715.0,2023,8627.0,4288.0,0.5862725110431533,0.29140332993544005
12017,13277.0,2023,7077.0,3774.0,0.5330270392407923,0.28425096030729835
12019,22137.0,2023,10550.0,5745.0,0.4765776753851019,0.2595202601978588
12021,37818.0,2023,22037.0,11976.0,0.5827119361150774,0.3166745993971125
12023,6588.0,2023,3193.0,1228.0,0.48466909532483304,0.18639951426836673
12031,177265.0,2023,92272.0,47560.0,0.5205314077793135,0.26829887456632723
12033,43372.0,2023,20171.0,9923.0,0.4650696301761505,0.22878815825878446
12035,9643.0,2023,5274.0,3133.0,0.5469252307373225,0.3248988903868091
12053,13598.0,2023,7845.0,3354.0,0.5769230769230769,0.24665391969407266
12055,9426.0,2023,4423.0,3238.0,0.4692340335242945,0.3435179291321876
12057,233009.0,2023,127223.0,64700.0,0.5460003690844559,0.27767167791802033
12061,14692.0,2023,6380.0,3437.0,0.43424993193574735,0.23393683637353663
12069,40523.0,2023,23455.0,13536.0,0.578807097204057,0.3340325247390371
12071,80878.0,2023,48985.0,26533.0,0.6056653230792057,0.328062019337768
12073,60315.0,2023,32486.0,17546.0,0.5386056536516621,0.290906076432065
12081,48678.0,2023,26498.0,11984.0,0.5443526849911664,0.2461892436008053
12083,38322.0,2023,20618.0,11329.0,0.5380199363290016,0.29562653306194875
12085,14916.0,2023,7926.0,5277.0,0.5313757039420757,0.35378117457763475
12086,453324.0,2023,266436.0,144504.0,0.5877385710882282,0.3187653863461895
12087,9769.0,2023,5961.0,3927.0,0.610195516429522,0.40198587368205546
12089,7747.0,2023,2984.0,2173.0,0.38518136052665547,0.28049567574544987
12091,26738.0,2023,13338.0,5860.0,0.49884060139127834,0.2191637370035156
12095,244511.0,2023,134700.0,71859.0,0.5508954607359178,0.2938886185079608
12097,48646.0,2023,28189.0,17279.0,0.5794721045923611,0.35519878304485464
12099,170772.0,2023,99896.0,52415.0,0.5849670906237556,0.3069297074461856
12101,54444.0,2023,27645.0,12496.0,0.5077694511791933,0.22952024098155904
12103,135386.0,2023,77707.0,41386.0,0.5739662889811354,0.3056889190906002
12105,87860.0,2023,46296.0,21146.0,0.5269292055542909,0.2406783519235147
12107,7488.0,2023,3192.0,1341.0,0.42628205128205127,0.17908653846153846
12109,22505.0,2023,13886.0,8040.0,0.6170184403465896,0.357253943568096
12111,31020.0,2023,19639.0,9956.0,0.6331076724693746,0.32095422308188265
12113,12868.0,2023,4898.0,2656.0,0.38063413117811623,0.2064034815045073
12115,51031.0,2023,28608.0,14809.0,0.5606004193529424,0.2901961552781643
12117,69902.0,2023,40852.0,18564.0,0.5844181854596435,0.26557180052072904
12119,8860.0,2023,4065.0,2331.0,0.458803611738149,0.2630925507900677
12127,64503.0,2023,33713.0,17966.0,0.522657860874688,0.27852968079004076
12131,6829.0,2023,3197.0,1540.0,0.4681505344852834,0.22550885927661443
13013,6422.0,2023,2955.0,1291.0,0.4601370289629399,0.2010277172220492
13015,10432.0,2023,4836.0,2386.0,0.46357361963190186,0.22871932515337423
13021,32507.0,2023,16280.0,8811.0,0.5008152090319008,0.27104931245577873
13031,14145.0,2023,5613.0,3014.0,0.3968186638388123,0.21307882644043832
13045,12652.0,2023,5615.0,2904.0,0.4438033512488144,0.22952892823269047
13047,5908.0,2023,2499.0,877.0,0.42298578199052134,0.1484427894380501
13051,53519.0,2023,24403.0,13198.0,0.4559689082381958,0.24660400979091537
13057,21221.0,2023,11405.0,6019.0,0.5374393289665897,0.2836341359973611
13059,31870.0,2023,15997.0,9214.0,0.5019454032005021,0.2891120175713838
13063,50822.0,2023,30515.0,16936.0,0.6004289480933453,0.3332415095824643
13067,97709.0,2023,48251.0,22968.0,0.4938234963002385,0.23506534710210933
13073,10709.0,2023,4670.0,2103.0,0.43608180035484173,0.19637687926043515
13077,11760.0,2023,6675.0,2828.0,0.5676020408163265,0.24047619047619048
13089,114301.0,2023,61938.0,31633.0,0.5418850228781901,0.2767517344555166
13095,19576.0,2023,6790.0,4502.0,0.34685328974254187,0.229975480179812
13097,16886.0,2023,6664.0,3120.0,0.3946464526826957,0.18476844723439537
13103,4882.0,2023,1418.0,884.0,0.2904547316673494,0.1810733306022122
13113,8837.0,2023,4879.0,2258.0,0.5521104447210592,0.25551657802421635
13115,13870.0,2023,5750.0,2733.0,0.414563806777217,0.19704397981254507
13117,14568.0,2023,5958.0,3837.0,0.40897858319604613,0.2633855024711697
13121,201975.0,2023,97195.0,56748.0,0.481222923629162,0.28096546602302264
13127,12827.0,2023,5413.0,3718.0,0.42200046776331174,0.2898573321899119
13135,107872.0,2023,62532.0,33550.0,0.5796870364876892,0.31101676060516165
13139,24998.0,2023,11613.0,6158.0,0.46455716457316587,0.24633970717657414
13151,22882.0,2023,12981.0,7961.0,0.5673018092824054,0.3479153920111878
13153,22151.0,2023,9986.0,5431.0,0.45081486163152906,0.2451808044783531
13157,7459.0,2023,2623.0,1208.0,0.3516557179246548,0.16195200429011933
13179,11100.0,2023,5642.0,1809.0,0.5082882882882883,0.16297297297297297
13185,21024.0,2023,9600.0,4873.0,0.45662100456621,0.23178272450532725
13215,40600.0,2023,20803.0,11430.0,0.5123891625615764,0.2815270935960591
13217,11096.0,2023,6145.0,3637.0,0.5538031723143475,0.3277757750540735
13223,12945.0,2023,5474.0,2805.0,0.42286597141753574,0.21668597914252608
13245,36581.0,2023,20212.0,11016.0,0.5525272682540117,0.30113993603236655
13247,8486.0,2023,4352.0,3046.0,0.5128446853641292,0.35894414329483854
13255,9816.0,2023,4791.0,2190.0,0.488080684596577,0.22310513447432762
13285,12317.0,2023,5786.0,3182.0,0.46975724608265,0.25834212876512136
13295,5607.0,2023,1989.0,1053.0,0.3547351524879615,0.18780096308186195
13297,7625.0,2023,4165.0,2383.0,0.5462295081967213,0.3125245901639344
13313,13957.0,2023,5182.0,2824.0,0.3712832270545246,0.20233574550404815
15001,18831.0,2023,8410.0,4429.0,0.4466040040358982,0.23519728107907176
15003,138386.0,2023,69998.0,36563.0,0.5058170624196089,0.2642102524821875
15007,7295.0,2023,3885.0,1152.0,0.5325565455791638,0.15791638108293352
15009,20965.0,2023,10046.0,5213.0,0.4791795850226568,0.248652516098259
16001,63031.0,2023,29692.0,12924.0,0.4710697910551951,0.20504196347828846
16005,10294.0,2023,5541.0,3144.0,0.538274723139693,0.3054206333786672
16019,13578.0,2023,6087.0,2654.0,0.4482987185152453,0.19546324937398732
16027,21163.0,2023,9756.0,3850.0,0.4609932429239711,0.1819212777016491
16055,19787.0,2023,9306.0,4102.0,0.47030878859857483,0.20730782837216355
16083,11261.0,2023,4750.0,1352.0,0.4218097859870349,0.1200603854009413
17019,40733.0,2023,19403.0,10452.0,0.4763459602779073,0.2565978444995458
17031,893285.0,2023,376583.0,193707.0,0.4215709432040166,0.21684792647363382
17037,14558.0,2023,7217.0,4349.0,0.49574117323808214,0.29873609012226954
17043,94175.0,2023,39431.0,21124.0,0.4186992301566233,0.2243058136448102
17089,42049.0,2023,19261.0,10289.0,0.45806083378915075,0.24469071797188993
17091,12004.0,2023,5369.0,2251.0,0.4472675774741753,0.18752082639120293
17093,6621.0,2023,2776.0,853.0,0.41927201329104363,0.12883250264310528
17097,60456.0,2023,27248.0,12789.0,0.450707952891359,0.21154227868201667
17099,11153.0,2023,2880.0,1763.0,0.258226486147225,0.15807406079081862
17111,20020.0,2023,8989.0,3476.0,0.449000999000999,0.17362637362637362
17113,24538.0,2023,10165.0,6031.0,0.4142554405412014,0.245782052327003
17115,13423.0,2023,5753.0,2984.0,0.428592713998361,0.2223049988825151
17119,28283.0,2023,12218.0,6200.0,0.4319909486263833,0.21921295477848884
17143,22932.0,2023,10701.0,7413.0,0.46664050235478804,0.3232600732600733
17161,17182.0,2023,7876.0,4037.0,0.45838668373879643,0.234955185659411
17163,34911.0,2023,14905.0,6877.0,0.42694279739910057,0.19698662312738105
17167,25534.0,2023,10723.0,5257.0,0.41994987076055457,0.20588235294117646
17179,12816.0,2023,3981.0,2150.0,0.31062734082397003,0.16775905118601747
17183,10559.0,2023,4988.0,2579.0,0.4723932190548347,0.24424661426271427
17197,42242.0,2023,17928.0,10040.0,0.4244117229297855,0.23767814023957198
17199,10392.0,2023,4510.0,2117.0,0.4339876828329484,0.20371439568899152
17201,41136.0,2023,17718.0,10383.0,0.4307176196032672,0.25240665110851807
18003,51658.0,2023,24049.0,11506.0,0.4655426071470053,0.22273413604862752
18005,10202.0,2023,3943.0,2278.0,0.3864928445402862,0.22328955106841797
18011,6964.0,2023,1813.0,1139.0,0.2603388856978748,0.1635554279149914
18019,15298.0,2023,4499.0,2456.0,0.29409073081448556,0.16054386194273762
18035,15184.0,2023,7548.0,4220.0,0.4971022128556375,0.2779241306638567
18039,20914.0,2023,9805.0,5252.0,0.4688247107200918,0.25112364923018077
18043,8843.0,2023,3286.0,1897.0,0.3715933506728486,0.21451995928983378
18053,8167.0,2023,3022.0,1616.0,0.37002571323619443,0.19786947471531774
18057,34011.0,2023,14073.0,7689.0,0.4137778953867866,0.22607391726206227
18059,7833.0,2023,3432.0,1945.0,0.4381463040980467,0.24830843865696411
18063,14379.0,2023,6921.0,3913.0,0.4813269351137075,0.27213297169483275
18067,11625.0,2023,5119.0,2206.0,0.4403440860215054,0.18976344086021504
18081,17230.0,2023,6512.0,2123.0,0.3779454439930354,0.12321532211259431
18085,7559.0,2023,2298.0,902.0,0.3040084667284032,0.11932795343299378
18089,53128.0,2023,25843.0,14178.0,0.48642900165637704,0.26686492998042466
18091,11753.0,2023,5623.0,2313.0,0.47843103888368926,0.19680081681272865
18095,15223.0,2023,5723.0,3361.0,0.37594429481705316,0.22078433948630363
18097,174089.0,2023,82302.0,42046.0,0.47275818690439947,0.2415201419963352
18105,29483.0,2023,16073.0,9272.0,0.545161618559848,0.3144863141471356
18109,5527.0,2023,1845.0,1066.0,0.33381581328026055,0.19287135878415054
18127,16084.0,2023,7355.0,3706.0,0.4572867445908978,0.2304153195722457
18141,33066.0,2023,14734.0,8427.0,0.4455936611625234,0.25485392850662314
18157,34421.0,2023,18758.0,11405.0,0.5449580198134859,0.33133842712297723
18163,27895.0,2023,11854.0,6058.0,0.42495070801218854,0.2171715361175838
18167,15541.0,2023,7258.0,4329.0,0.46702271411106105,0.2785535036355447
18173,4605.0,2023,2293.0,1394.0,0.4979370249728556,0.30271444082519
18177,8490.0,2023,4161.0,2277.0,0.4901060070671378,0.26819787985865723
19013,18665.0,2023,8133.0,3957.0,0.43573533351192073,0.21200107152424325
19049,14839.0,2023,5011.0,2140.0,0.337691219084844,0.14421456971494037
19061,11095.0,2023,4061.0,2318.0,0.36602073005858493,0.2089229382604777
19103,26530.0,2023,13748.0,8655.0,0.5182058047493404,0.3262344515642669
19113,26414.0,2023,10636.0,5094.0,0.40266525327477853,0.1928522753085485
19153,67949.0,2023,28604.0,14486.0,0.4209627809092113,0.21318930374251277
19155,11281.0,2023,3583.0,1871.0,0.3176136867298998,0.16585409094938391
19163,22846.0,2023,8571.0,4021.0,0.37516414251947827,0.17600455221920686
19169,17155.0,2023,7806.0,4086.0,0.45502768872048965,0.2381812882541533
19193,13079.0,2023,5423.0,2372.0,0.4146341463414634,0.1813594311491704
20015,5394.0,2023,2409.0,858.0,0.44660734149054504,0.15906562847608455
20045,26071.0,2023,11576.0,5877.0,0.4440182578343754,0.22542288366384106
20091,83397.0,2023,33478.0,16037.0,0.4014293080086814,0.19229708502703935
20103,8243.0,2023,3449.0,1121.0,0.41841562537910953,0.1359941768773505
20161,15038.0,2023,7026.0,3630.0,0.4672163851576007,0.2413884825109722
20173,80113.0,2023,32170.0,14246.0,0.4015577996080536,0.17782382384881354
20177,24864.0,2023,8827.0,4982.0,0.35501126126126126,0.20037001287001288
20209,24195.0,2023,10620.0,5921.0,0.4389336639801612,0.2447199834676586
21015,12999.0,2023,6312.0,3385.0,0.4855758135241172,0.2604046465112701
21029,4814.0,2023,2589.0,1732.0,0.5378063980058164,0.35978396343996677
21037,12396.0,2023,4577.0,1830.0,0.3692320103259116,0.14762826718296224
21047,11870.0,2023,4707.0,2328.0,0.39654591406908174,0.19612468407750633
21059,15638.0,2023,5593.0,2211.0,0.3576544315129812,0.14138636654303618
21067,62652.0,2023,29626.0,15785.0,0.4728659899125327,0.2519472642533359
21093,16679.0,2023,6732.0,3672.0,0.40362132022303493,0.22015708375801907
21111,120316.0,2023,55178.0,27524.0,0.45860899630971774,0.22876425413078894
21117,19936.0,2023,6664.0,2942.0,0.3342696629213483,0.14757223113964688
21145,10223.0,2023,3941.0,1702.0,0.3855032769245818,0.16648733248557174
21151,14584.0,2023,5145.0,2427.0,0.3527838727372463,0.16641524958859025
21185,2361.0,2023,985.0,666.0,0.4171961033460398,0.2820838627700127
21199,7206.0,2023,2878.0,1626.0,0.3993893977241188,0.22564529558701082
21227,24080.0,2023,11824.0,6720.0,0.49102990033222593,0.27906976744186046
22005,8409.0,2023,2993.0,1719.0,0.35592817219645617,0.20442383160899036
22015,15547.0,2023,6381.0,3402.0,0.41043288094166075,0.21882035119315624
22017,38696.0,2023,18212.0,10444.0,0.4706429605127145,0.2698986975397974
22019,21866.0,2023,12659.0,6216.0,0.5789353333943108,0.2842769596634044
22033,74835.0,2023,41654.0,22547.0,0.5566112113315962,0.30128950357453066
22045,8275.0,2023,3384.0,2117.0,0.40894259818731116,0.2558308157099698
22051,65241.0,2023,35983.0,19014.0,0.5515396759706319,0.2914424978157907
22055,34715.0,2023,15727.0,8412.0,0.4530318306207691,0.2423160017283595
22057,8278.0,2023,3895.0,2492.0,0.47052428122734963,0.30103889828460983
22063,9871.0,2023,4111.0,2473.0,0.41647249518792423,0.25053186100699015
22071,68383.0,2023,35711.0,21006.0,0.5222204349034116,0.30718160946434053
22073,23811.0,2023,12557.0,7664.0,0.5273613035991769,0.32186804418126075
22079,19973.0,2023,8835.0,4654.0,0.4423471686777149,0.23301456966905323
22097,8767.0,2023,3464.0,1692.0,0.3951180563476674,0.19299646401277518
22103,22584.0,2023,12210.0,7334.0,0.5406482465462275,0.3247431810131066
22105,16571.0,2023,7191.0,4593.0,0.4339508780399493,0.2771709613179651
22109,10593.0,2023,2883.0,1779.0,0.2721608609459077,0.16794109317473804
23001,16423.0,2023,8258.0,3425.0,0.5028313949948243,0.2085489861779212
23003,7772.0,2023,3055.0,1518.0,0.3930777148739063,0.1953165208440556
23005,38926.0,2023,17821.0,8225.0,0.4578173971124698,0.21129836099265273
23011,15232.0,2023,6435.0,2823.0,0.42246586134453784,0.18533350840336135
23019,18959.0,2023,7483.0,3424.0,0.3946938129648188,0.18060024262883065
23031,22646.0,2023,10393.0,5219.0,0.4589331449262563,0.23046012540846064
24001,7338.0,2023,2722.0,1296.0,0.37094576178795313,0.17661488143908421
24003,57313.0,2023,25660.0,13512.0,0.44771692286217785,0.23575803046429256
24005,108785.0,2023,54020.0,29575.0,0.49657581468033274,0.27186652571586156
24009,4579.0,2023,2270.0,1219.0,0.4957414282594453,0.266215330858266
24013,8951.0,2023,4535.0,1736.0,0.5066473019774327,0.19394481063568317
24015,9506.0,2023,3651.0,1712.0,0.38407321691563223,0.1800967809804334
24017,10222.0,2023,4356.0,2909.0,0.42613969868910195,0.2845822735276854
24021,25002.0,2023,11269.0,5641.0,0.45072394208463323,0.2256219502439805
24025,21758.0,2023,10917.0,5445.0,0.501746484051843,0.25025278058645095
24027,36363.0,2023,17020.0,8787.0,0.46805819101834284,0.2416467288177543
24031,139666.0,2023,68316.0,33967.0,0.4891383729755273,0.24320163819397705
24033,126329.0,2023,61215.0,34122.0,0.4845680722557766,0.2701042515970205
24037,11648.0,2023,5720.0,1696.0,0.49107142857142855,0.14560439560439561
24043,18232.0,2023,8867.0,4697.0,0.4863426941641071,0.2576239578762615
24045,16424.0,2023,7578.0,3623.0,0.46139795421334634,0.2205918168533853
24510,135222.0,2023,67869.0,36419.0,0.5019079735545992,0.2693274762982355
25001,23553.0,2023,12490.0,6340.0,0.5302933808856621,0.26918014690273
25003,18343.0,2023,9761.0,3551.0,0.5321376001744534,0.19358883497792073
25005,89623.0,2023,43849.0,25195.0,0.48926056927351236,0.2811220334066032
25009,113577.0,2023,61946.0,33778.0,0.545409722038793,0.29740176268082447
25011,10300.0,2023,5523.0,3528.0,0.5362135922330097,0.3425242718446602
25013,69619.0,2023,32872.0,17532.0,0.47216995360461944,0.251827805627774
25015,21354.0,2023,9377.0,5691.0,0.43912147607005714,0.26650744591177294
25017,244168.0,2023,110263.0,56920.0,0.451586612496314,0.2331181809246093
25021,91335.0,2023,41997.0,23612.0,0.4598127771391033,0.2585208299118629
25023,44717.0,2023,24121.0,13747.0,0.5394145403314176,0.30742223315517586
25025,210662.0,2023,98865.0,52457.0,0.4693062821011858,0.24901026288557024
25027,116041.0,2023,55607.0,27431.0,0.4792013167759671,0.23639058608595237
26005,7147.0,2023,2661.0,1518.0,0.3723240520498111,0.21239680985028683
26017,9920.0,2023,4075.0,2277.0,0.4107862903225806,0.22953629032258063
26021,17128.0,2023,7264.0,4129.0,0.4241008874357777,0.24106725829051845
26025,15064.0,2023,6624.0,3530.0,0.4397238449283059,0.23433351035581518
26037,5876.0,2023,1469.0,733.0,0.25,0.12474472430224642
26045,11241.0,2023,4763.0,2672.0,0.42371675117872076,0.23770127212881417
26049,45867.0,2023,21424.0,11191.0,0.4670896287090937,0.24398805241240978
26055,9790.0,2023,3438.0,1449.0,0.3511746680286006,0.1480081716036772
26065,46190.0,2023,21529.0,12793.0,0.46609655769647107,0.2769647109764018
26067,4829.0,2023,2380.0,1619.0,0.4928556636984883,0.33526610064195483
26075,14365.0,2023,6875.0,4307.0,0.47859380438565957,0.2998259658893143
26077,41346.0,2023,17524.0,8340.0,0.42383785614086006,0.20171237846466405
26081,76050.0,2023,33147.0,14661.0,0.4358579881656805,0.1927810650887574
26087,4385.0,2023,1797.0,992.0,0.409806157354618,0.22622576966932725
26091,7902.0,2023,3578.0,1443.0,0.4527967603138446,0.18261199696279423
26093,8745.0,2023,3757.0,1799.0,0.4296169239565466,0.2057175528873642
26099,86255.0,2023,37969.0,17674.0,0.44019477131760476,0.20490406353254884
26103,9609.0,2023,3691.0,1648.0,0.3841190550525549,0.17150587990425642
26111,8086.0,2023,3682.0,2237.0,0.4553549344546129,0.27665100173138757
26115,12054.0,2023,6481.0,4033.0,0.5376638460262154,0.33457773353243736
26117,3879.0,2023,1315.0,377.0,0.33900489816963136,0.09718999742201598
26121,13164.0,2023,6105.0,3543.0,0.4637648131267092,0.2691431175934366
26125,145251.0,2023,66574.0,33527.0,0.4583376362296989,0.23082113031924048
26139,23929.0,2023,11693.0,6346.0,0.488653934556396,0.2652012202766518
26145,18027.0,2023,8904.0,4460.0,0.4939257779996672,0.24740666777611361
26147,14506.0,2023,7890.0,3667.0,0.5439128636426306,0.25279194815938233
26155,5058.0,2023,2098.0,1443.0,0.4147884539343614,0.28529062870699884
26159,5812.0,2023,2058.0,1239.0,0.3540949759119064,0.21317962835512733
26161,55892.0,2023,28954.0,17076.0,0.5180347813640592,0.3055177842982896
26163,235237.0,2023,110357.0,64135.0,0.46913113158219155,0.2726399333438192
27003,27346.0,2023,12540.0,5414.0,0.4585679806918745,0.19798142324288745
27013,10622.0,2023,5494.0,2920.0,0.517228393899454,0.2749011485595933
27019,7764.0,2023,2603.0,815.0,0.33526532715095314,0.1049716640906749
27027,9725.0,2023,5134.0,2656.0,0.527917737789203,0.27311053984575834
27035,7609.0,2023,2560.0,907.0,0.3364436851097385,0.11920094624786437
27037,48283.0,2023,20500.0,10743.0,0.4245800799453224,0.22250067311476088
27053,207969.0,2023,90670.0,46473.0,0.4359784390942881,0.22346118892719588
27109,19206.0,2023,8623.0,4905.0,0.44897427887118607,0.25538894095595127
27123,92225.0,2023,42115.0,20005.0,0.45665492003252917,0.21691515315803742
27131,5740.0,2023,2869.0,1269.0,0.49982578397212546,0.2210801393728223
27137,25610.0,2023,12683.0,6345.0,0.4952362358453729,0.24775478328777822
27139,9549.0,2023,4620.0,1832.0,0.48382029531888154,0.19185255000523616
27141,5541.0,2023,2188.0,858.0,0.39487457137700777,0.15484569572279372
27145,18925.0,2023,8057.0,4802.0,0.4257331571994716,0.25373844121532363
27163,18715.0,2023,9106.0,3774.0,0.4865615816190222,0.2016564253272776
27171,8434.0,2023,2978.0,1485.0,0.35309461702632206,0.17607303770452928
28033,12610.0,2023,6384.0,4051.0,0.5062648691514671,0.32125297383029344
28035,11995.0,2023,5474.0,3031.0,0.4563568153397249,0.252688620258441
28047,32436.0,2023,14226.0,6641.0,0.43858675545689974,0.20474164508570725
28049,36285.0,2023,16540.0,9481.0,0.45583574479812594,0.2612925451288411
28059,17283.0,2023,6630.0,3382.0,0.38361395591043224,0.19568361974194295
28067,5976.0,2023,2444.0,677.0,0.40896921017402943,0.11328647925033467
28073,8285.0,2023,3902.0,1105.0,0.4709716354858177,0.13337356668678335
28075,9548.0,2023,3436.0,2385.0,0.3598659405111018,0.24979053204859655
28081,7912.0,2023,3487.0,1437.0,0.44072295247724974,0.18162285136501516
28089,12756.0,2023,6529.0,3711.0,0.5118375666353089,0.2909219190968956
28121,13470.0,2023,6661.0,3499.0,0.4945063103192279,0.25976243504083146
29019,33139.0,2023,15269.0,8116.0,0.46075620869670175,0.24490781254714988
29021,10463.0,2023,5286.0,2502.0,0.5052088311191819,0.2391283570677626
29031,11672.0,2023,4390.0,2395.0,0.3761137765592872,0.20519191226867717
29037,9253.0,2023,4473.0,1925.0,0.4834107856911272,0.20804063546957743
29043,8299.0,2023,3446.0,1764.0,0.41523075069285453,0.21255572960597663
29047,31488.0,2023,12146.0,5161.0,0.3857342479674797,0.1639037093495935
29051,9166.0,2023,2693.0,1125.0,0.2938031856862317,0.12273619899629064
29071,13072.0,2023,4229.0,1260.0,0.323515911872705,0.09638922888616891
29077,56937.0,2023,23467.0,11146.0,0.41215729666122203,0.19576022621493933
29095,122597.0,2023,53865.0,23183.0,0.4393663792751862,0.18909924386404234
29097,20656.0,2023,9550.0,4391.0,0.46233539891556935,0.21257745933384972
29099,13504.0,2023,4955.0,1769.0,0.366928317535545,0.13099822274881517
29165,13206.0,2023,6886.0,3401.0,0.5214296531879449,0.25753445403604425
29183,30324.0,2023,12360.0,6254.0,0.407597942223981,0.20623928241656775
29187,7391.0,2023,2975.0,1537.0,0.4025165742118793,0.20795562170207008
29189,123523.0,2023,52382.0,26599.0,0.4240667729896457,0.21533641508059229
29510,78104.0,2023,33784.0,16753.0,0.4325514698350917,0.21449605653999795
30013,11598.0,2023,3727.0,1924.0,0.321348508363511,0.16589067080531125
30029,11495.0,2023,4852.0,2165.0,0.42209656372335796,0.18834275772074816
30031,21649.0,2023,10508.0,5263.0,0.4853803870848538,0.24310591713243107
30049,9519.0,2023,3135.0,1008.0,0.32934131736526945,0.10589347620548377
30063,21883.0,2023,10444.0,5918.0,0.4772654572042225,0.27043823972947034
30111,24167.0,2023,9590.0,3946.0,0.39682211279844415,0.16328050647577275
31055,93800.0,2023,41072.0,22381.0,0.4378678038379531,0.23860341151385928
31109,58843.0,2023,23335.0,12545.0,0.3965637374029196,0.21319443264279522
31153,22629.0,2023,9587.0,3175.0,0.423659905431084,0.14030668611074285
32003,371427.0,2023,200890.0,106845.0,0.5408599805614562,0.28766083241121404
32031,75084.0,2023,35667.0,18980.0,0.4750279686750839,0.252783549091684
33001,4360.0,2023,2494.0,1098.0,0.5720183486238533,0.2518348623853211
33005,9194.0,2023,3319.0,1389.0,0.36099630193604526,0.15107678921035458
33009,12057.0,2023,5331.0,3111.0,0.4421497885046031,0.25802438417516793
33011,54384.0,2023,24881.0,12792.0,0.45750588408355397,0.235216240070609
33013,17924.0,2023,7513.0,2789.0,0.4191586699397456,0.1556014282526222
33015,27756.0,2023,13769.0,6675.0,0.4960729211701974,0.2404885430177259
33017,17530.0,2023,10349.0,5930.0,0.5903593839132915,0.3382772390188249
34001,36218.0,2023,15603.0,9731.0,0.4308078855817549,0.26867855762328124
34003,125375.0,2023,61708.0,32553.0,0.4921874376869392,0.25964506480558325
34005,41985.0,2023,20325.0,11938.0,0.4841014648088603,0.2843396451113493
34007,67594.0,2023,31744.0,17199.0,0.46962748172914753,0.25444566085747256
34009,8145.0,2023,3400.0,2095.0,0.4174340085942296,0.2572130141190915
34011,18392.0,2023,9064.0,4234.0,0.49282296650717705,0.23020878642888212
34013,175720.0,2023,86638.0,45813.0,0.4930457546096062,0.260715911677669
34015,23623.0,2023,11741.0,6113.0,0.49701562036997843,0.2587732294797443
34017,217641.0,2023,93960.0,45005.0,0.43172012626297435,0.20678548619056153
34019,7352.0,2023,3115.0,1935.0,0.4236942328618063,0.26319368879216537
34021,58075.0,2023,26968.0,14417.0,0.4643650452001722,0.24824795523030563
34023,114747.0,2023,48889.0,24188.0,0.4260590690824161,0.21079418198297123
34025,64614.0,2023,32813.0,15748.0,0.5078311201906708,0.24372427028198224
34027,48672.0,2023,20897.0,10026.0,0.4293433596318212,0.20599112426035504
34029,48387.0,2023,24250.0,13463.0,0.5011676690020047,0.27823588980511293
34031,81259.0,2023,41391.0,25251.0,0.5093712696439779,0.3107471172423978
34033,6962.0,2023,3255.0,2027.0,0.46753806377477736,0.29115196782533753
34035,33675.0,2023,14818.0,8948.0,0.4400296956198961,0.2657164068299926
34037,8776.0,2023,4381.0,2187.0,0.49920237010027346,0.24920237010027346
34039,84716.0,2023,38704.0,19771.0,0.4568676519193541,0.23337976297275603
34041,11077.0,2023,4724.0,2184.0,0.4264692606301345,0.19716529746321207
35001,100491.0,2023,44520.0,23427.0,0.44302474848493895,0.23312535450935903
35013,29575.0,2023,13075.0,7238.0,0.44209636517328826,0.2447337278106509
35025,7738.0,2023,2919.0,872.0,0.37722925820625486,0.11269061773067976
35031,7453.0,2023,2242.0,1388.0,0.30081846236414866,0.18623373138333557
35035,7517.0,2023,2737.0,1178.0,0.3641080218172143,0.15671145403751496
35043,11485.0,2023,5562.0,2663.0,0.4842838484980409,0.23186765346103613
35045,11685.0,2023,3994.0,1761.0,0.3418057338468122,0.15070603337612323
35049,22224.0,2023,9116.0,5115.0,0.41018718502519796,0.23015658747300216
35061,7097.0,2023,3422.0,1731.0,0.48217556714104554,0.24390587572213612
36001,59522.0,2023,25135.0,12818.0,0.4222808373374551,0.21534894660797688
36005,430046.0,2023,237123.0,146056.0,0.551389851318231,0.33962878389753653
36007,27829.0,2023,12597.0,7376.0,0.4526572999389126,0.2650472528657156
36009,8134.0,2023,3812.0,2641.0,0.4686501106466683,0.3246865011064667
36011,7007.0,2023,2397.0,926.0,0.3420864849436278,0.1321535607249893
36013,16254.0,2023,7168.0,3739.0,0.4409991386735573,0.23003568352405562
36015,10582.0,2023,5720.0,3511.0,0.5405405405405406,0.3317898317898318
36019,12294.0,2023,5502.0,2668.0,0.447535383113714,0.2170164307792419
36027,35739.0,2023,15966.0,6765.0,0.4467388567111559,0.18928901200369344
36029,142086.0,2023,62926.0,37293.0,0.4428726264375097,0.2624678011908281
36045,23814.0,2023,7943.0,3139.0,0.33354329386075415,0.13181321911480642
36047,738244.0,2023,333572.0,180471.0,0.45184518939537605,0.24445982629049473
36053,6235.0,2023,2239.0,1101.0,0.3591018444266239,0.17658380112269448
36055,117821.0,2023,52353.0,28272.0,0.4443435380789503,0.23995722324543162
36059,86448.0,2023,41315.0,21087.0,0.4779173607255229,0.2439269850083287
36061,587399.0,2023,256237.0,138026.0,0.4362230783504909,0.234978268604475
36063,28162.0,2023,11590.0,6573.0,0.411547475321355,0.23339961650450963
36065,32505.0,2023,12621.0,6350.0,0.3882787263497923,0.19535456083679434
36067,67991.0,2023,28191.0,17165.0,0.4146284067008869,0.2524598843964642
36069,11486.0,2023,4268.0,1877.0,0.3715827964478496,0.1634163329270416
36071,42605.0,2023,23687.0,13629.0,0.5559676094355123,0.3198920314517075
36075,10978.0,2023,5019.0,2715.0,0.45718710147567865,0.24731280743304793
36079,6800.0,2023,3777.0,2624.0,0.5554411764705882,0.38588235294117645
36081,478769.0,2023,235188.0,127897.0,0.49123481261318086,0.26713717889002836
36083,21035.0,2023,8577.0,4736.0,0.40774898977893986,0.2251485619206085
36085,56543.0,2023,28756.0,17962.0,0.5085686999274888,0.317669738075447
36087,31821.0,2023,17963.0,10891.0,0.564501429873354,0.34225825712579744
36089,14292.0,2023,7238.0,4883.0,0.5064371676462357,0.3416596697453121
36091,31217.0,2023,12143.0,5969.0,0.3889867700291508,0.19120991767306275
36093,24841.0,2023,12258.0,6918.0,0.49345839539471037,0.27849120405780764
36101,9668.0,2023,3895.0,2572.0,0.402875465453041,0.2660322714108399
36103,95576.0,2023,49360.0,28792.0,0.5164476437599397,0.30124717502301834
36105,9491.0,2023,3838.0,2497.0,0.40438309977873776,0.26309134969971554
36109,19317.0,2023,11169.0,5880.0,0.5781953719521665,0.30439509240565304
36111,20413.0,2023,10288.0,6510.0,0.5039925537647577,0.3189144172831039
36113,9400.0,2023,3671.0,2159.0,0.390531914893617,0.2296808510638298
36117,7673.0,2023,2343.0,1445.0,0.3053564446761371,0.18832268995177898
36119,142033.0,2023,66958.0,35969.0,0.47142565460139546,0.25324396443080127
37001,24089.0,2023,8937.0,4369.0,0.37099921125825064,0.18136908962597037
37019,11808.0,2023,4974.0,2390.0,0.421239837398374,0.2024051490514905
37021,35463.0,2023,16102.0,6560.0,0.45405070073033865,0.18498153004539944
37023,10043.0,2023,4154.0,2370.0,0.4136214278602011,0.23598526336751965
37025,29758.0,2023,13751.0,5782.0,0.46209422676255124,0.1943006922508233
37027,10481.0,2023,1927.0,1053.0,0.18385650224215247,0.10046751264192348
37031,8860.0,2023,3856.0,2076.0,0.4352144469525959,0.2343115124153499
37035,18347.0,2023,6661.0,2076.0,0.3630566305118003,0.11315201395323486
37037,5664.0,2023,1818.0,1219.0,0.3209745762711864,0.2152189265536723
37045,10321.0,2023,4743.0,2718.0,0.4595484933630462,0.26334657494428837
37049,12613.0,2023,5511.0,1278.0,0.4369301514310632,0.1013240307619123
37051,57110.0,2023,25153.0,12791.0,0.44043074767991597,0.2239712834880056
37057,19319.0,2023,5475.0,2745.0,0.2833997618924375,0.1420880997981262
37063,64239.0,2023,30434.0,17325.0,0.4737620448637121,0.2696959790781301
37067,61784.0,2023,26738.0,12390.0,0.432765764599249,0.20053735594976047
37069,6664.0,2023,3075.0,1366.0,0.4614345738295318,0.20498199279711884
37071,35369.0,2023,16864.0,8760.0,0.4768017190194803,0.24767451723260483
37081,88705.0,2023,41214.0,21119.0,0.4646186798940308,0.23808128064934334
37085,11765.0,2023,6250.0,2256.0,0.531236719082023,0.191755206119847
37089,13104.0,2023,6152.0,2434.0,0.4694749694749695,0.18574481074481075
37097,22369.0,2023,7750.0,3578.0,0.346461620993339,0.15995350708569897
37101,22323.0,2023,8737.0,4476.0,0.3913900461407517,0.20051068404784303
37105,8893.0,2023,3236.0,1457.0,0.3638817047115709,0.16383672551444955
37109,7619.0,2023,2325.0,748.0,0.3051581572384827,0.09817561359758499
37119,215417.0,2023,102033.0,51962.0,0.47365342568135294,0.2412158743274672
37125,11341.0,2023,4725.0,2780.0,0.4166299268142139,0.245128295564765
37127,15884.0,2023,4402.0,1704.0,0.2771342231176026,0.10727776378745908
37129,41764.0,2023,20535.0,11263.0,0.4916914088688823,0.26968202279475145
37133,29277.0,2023,13583.0,5305.0,0.46394780886019743,0.1812002595894388
37135,21506.0,2023,12125.0,5928.0,0.5637961499116526,0.2756440063238166
37141,4523.0,2023,2136.0,1301.0,0.47225292947158964,0.2876409462745965
37147,35005.0,2023,16825.0,9326.0,0.4806456220539923,0.26641908298814454
37151,17708.0,2023,6796.0,3578.0,0.38378134176643325,0.20205556810481137
37155,15104.0,2023,5957.0,2753.0,0.3943988347457627,0.1822695974576271
37157,10131.0,2023,3854.0,2429.0,0.3804165432829928,0.23975915506860132
37159,16020.0,2023,7145.0,3581.0,0.4460049937578027,0.2235330836454432
37161,7100.0,2023,2140.0,787.0,0.30140845070422534,0.1108450704225352
37167,5857.0,2023,1753.0,691.0,0.29929998292641286,0.11797848728017757
37171,7912.0,2023,2605.0,1333.0,0.32924671385237614,0.16847826086956522
37179,16551.0,2023,7206.0,3479.0,0.4353815479427225,0.21019877952993776
37183,173953.0,2023,73895.0,34503.0,0.42479865250958593,0.19834667985030438
37191,18893.0,2023,7273.0,2920.0,0.38495739162652837,0.15455459694066587
37193,7013.0,2023,1772.0,583.0,0.2526736061599886,0.08313132753457864
37195,14056.0,2023,5359.0,3037.0,0.38126067159931704,0.2160643141718839
38015,12081.0,2023,4760.0,1966.0,0.3940071186160086,0.1627348729409817
38017,40309.0,2023,15208.0,6604.0,0.3772854697462105,0.16383437941898832
38035,14533.0,2023,5915.0,3026.0,0.40700474781531687,0.20821578476570562
38101,11258.0,2023,3745.0,959.0,0.3326523361165393,0.08518386924853437
39003,13492.0,2023,5102.0,2734.0,0.37815001482359917,0.20263860065223838
39007,8502.0,2023,2712.0,1367.0,0.31898376852505295,0.1607856974829452
39013,7176.0,2023,3256.0,1266.0,0.4537346711259755,0.17642140468227424
39017,48355.0,2023,22735.0,12744.0,0.4701685451349395,0.26355082204529007
39023,17458.0,2023,7100.0,3522.0,0.406690342536373,0.20174132203001488
39025,21929.0,2023,8522.0,4816.0,0.38861781202973233,0.21961785763144695
39029,10647.0,2023,5333.0,3093.0,0.5008922701230394,0.29050436742744434
39035,212816.0,2023,96345.0,51017.0,0.45271502142696035,0.23972351702879482
39041,18627.0,2023,6779.0,2515.0,0.3639340741933752,0.13501905835614966
39043,10207.0,2023,4817.0,2548.0,0.4719310277260703,0.24963260507494855
39045,15958.0,2023,6539.0,2817.0,0.4097631282115553,0.1765258804361449
39049,274822.0,2023,122848.0,61127.0,0.4470093369526457,0.2224239689690054
39055,4171.0,2023,1659.0,538.0,0.39774634380244545,0.12898585471110047
39057,22643.0,2023,8992.0,4003.0,0.39712052289890915,0.1767875281543965
39061,151115.0,2023,67229.0,34213.0,0.44488634483671374,0.22640373225689045
39063,9007.0,2023,3831.0,2712.0,0.4253358498945265,0.30109914510935937
39085,25818.0,2023,12030.0,5240.0,0.46595398559144785,0.20295917576884345
39089,18040.0,2023,7432.0,3598.0,0.41197339246119735,0.19944567627494456
39093,31556.0,2023,13614.0,6475.0,0.4314235010774496,0.2051907719609583
39095,71130.0,2023,28427.0,16228.0,0.3996485308589906,0.2281456488120343
39099,30890.0,2023,13533.0,7689.0,0.4381029459371965,0.24891550663645193
39101,7486.0,2023,3143.0,1122.0,0.4198503873897943,0.1498797755810847
39103,14727.0,2023,6139.0,2900.0,0.4168533985197257,0.19691722686222585
39109,13515.0,2023,5632.0,2228.0,0.41672216056233813,0.1648538660747318
39113,91454.0,2023,40614.0,20947.0,0.444092111881383,0.22904410960701554
39119,9883.0,2023,5058.0,2410.0,0.5117879186481837,0.2438530810482647
39133,20031.0,2023,9409.0,5892.0,0.46972193100693926,0.29414407668114423
39139,15196.0,2023,5671.0,2403.0,0.3731903132403264,0.15813371939984205
39141,8921.0,2023,3807.0,1237.0,0.4267458805066697,0.13866158502410045
39145,9837.0,2023,4708.0,2360.0,0.47860119955270913,0.2399105418318593
39151,47365.0,2023,17365.0,8678.0,0.36662092262218937,0.18321545444948803
39153,74959.0,2023,33448.0,17566.0,0.4462172654384397,0.234341439987193
39155,25472.0,2023,10507.0,5853.0,0.412492148241206,0.22978172110552764
39157,12272.0,2023,5639.0,2580.0,0.4595013037809648,0.21023468057366362
39159,5690.0,2023,2153.0,446.0,0.37838312829525483,0.07838312829525483
39165,18932.0,2023,7510.0,3981.0,0.39668286499049227,0.21027889287978027
39169,10472.0,2023,2739.0,1316.0,0.2615546218487395,0.12566844919786097
39173,19264.0,2023,6890.0,3308.0,0.35766196013289037,0.17171926910299004
40017,16030.0,2023,6485.0,3168.0,0.40455396132252025,0.19762944479101685
40027,45818.0,2023,20485.0,9952.0,0.4470950281548736,0.21720721113972674
40031,19649.0,2023,7653.0,3731.0,0.3894854699984732,0.18988243676522978
40037,8002.0,2023,3220.0,1355.0,0.4023994001499625,0.16933266683329168
40101,8992.0,2023,3834.0,1884.0,0.4263790035587189,0.20951957295373666
40109,142306.0,2023,62417.0,31999.0,0.4386111618624654,0.22486051185473557
40119,15178.0,2023,8058.0,4343.0,0.5308999868230333,0.2861378310712874
40125,8952.0,2023,3069.0,1731.0,0.342828418230563,0.1933646112600536
40131,8084.0,2023,3187.0,1219.0,0.3942355269668481,0.15079168728352302
40143,114344.0,2023,49071.0,25130.0,0.4291523822850346,0.21977541453858532
40145,5724.0,2023,2551.0,1316.0,0.44566736547868624,0.22990915443745633
41003,16276.0,2023,9299.0,6069.0,0.5713320226099778,0.3728803145736053
41005,45126.0,2023,21859.0,9544.0,0.48439923769002347,0.21149669813411337
41017,26052.0,2023,10524.0,6126.0,0.4039613081529249,0.23514509442653156
41019,12472.0,2023,5170.0,3634.0,0.4145285439384221,0.29137267479153306
41029,30712.0,2023,15065.0,8005.0,0.49052487626986196,0.26064730398541286
41033,9709.0,2023,4437.0,1262.0,0.456998661036152,0.12998249047275723
41035,9901.0,2023,4083.0,2864.0,0.41238258761741237,0.28926371073628926
41039,65412.0,2023,34765.0,19581.0,0.5314774047575368,0.29934874334984407
41043,17097.0,2023,8374.0,4386.0,0.4897935310288355,0.25653623442709245
41047,50327.0,2023,26506.0,16139.0,0.5266755419556103,0.3206827349136646
41051,169027.0,2023,85245.0,43766.0,0.504327710957421,0.25892904683867074
41053,11604.0,2023,5614.0,2983.0,0.4837986901068597,0.2570665287831782
41059,11392.0,2023,4453.0,2158.0,0.3908883426966292,0.1894311797752809
41067,90107.0,2023,39995.0,19706.0,0.4438611872551522,0.21869555084510636
41071,11308.0,2023,5782.0,4046.0,0.5113194198797312,0.35779978776087723
42001,9161.0,2023,3171.0,1302.0,0.3461412509551359,0.14212422224647964
42003,187052.0,2023,79426.0,42643.0,0.42461989179479503,0.2279740393045784
42005,5800.0,2023,2187.0,1084.0,0.3770689655172414,0.18689655172413794
42007,17439.0,2023,5793.0,2828.0,0.3321864785824875,0.1621652617695969
42011,45601.0,2023,22999.0,12978.0,0.5043529747154668,0.284599021951273
42013,14355.0,2023,5714.0,2353.0,0.3980494601184256,0.16391501219087426
42017,55879.0,2023,26382.0,13377.0,0.47212727500492135,0.23939225827233845
42019,19521.0,2023,6863.0,3929.0,0.35157010399057426,0.20127042671994264
42021,13471.0,2023,4801.0,2759.0,0.3563952193601069,0.20481033330858883
42025,6273.0,2023,2855.0,1106.0,0.455125139486689,0.17631117487645465
42027,25497.0,2023,12383.0,9150.0,0.48566498019374826,0.35886574891163664
42029,50299.0,2023,23340.0,10301.0,0.464025129724249,0.20479532396270303
42033,7265.0,2023,2565.0,1484.0,0.35306262904335856,0.20426703372333105
42037,7186.0,2023,2970.0,1352.0,0.4133036459782911,0.1881436125800167
42039,8685.0,2023,2958.0,1584.0,0.340587219343696,0.18238341968911917
42041,27988.0,2023,12066.0,5632.0,0.43111333428612264,0.2012290981849364
42043,46181.0,2023,18813.0,9696.0,0.407375327515645,0.2099564756068513
42045,61360.0,2023,30166.0,15930.0,0.4916232073011734,0.25961538461538464
42049,34445.0,2023,15130.0,8184.0,0.43925097982290606,0.2375961678037451
42051,16025.0,2023,5735.0,2935.0,0.3578783151326053,0.18315132605304213
42055,14857.0,2023,4404.0,2617.0,0.29642592717237665,0.17614592448004307
42063,8705.0,2023,3831.0,1887.0,0.44009190120620334,0.21677197013210797
42069,31358.0,2023,15187.0,8749.0,0.484310223866318,0.279003762995089
42071,65754.0,2023,28094.0,14061.0,0.4272591781488579,0.21384250387809106
42073,8283.0,2023,3170.0,1117.0,0.38271157793070143,0.13485452130870457
42075,16774.0,2023,6403.0,3077.0,0.381721712173602,0.18343865506140455
42077,51912.0,2023,27833.0,14907.0,0.5361573431961781,0.2871590383726306
42079,42942.0,2023,18559.0,11088.0,0.43218760188160776,0.2582087466815705
42081,14547.0,2023,6436.0,3616.0,0.44242799202584726,0.24857358905616278
42085,12727.0,2023,3915.0,1737.0,0.3076137345800267,0.13648149603205784
42089,12749.0,2023,6792.0,3117.0,0.5327476664836458,0.24448976390305122
42091,99225.0,2023,46714.0,27363.0,0.4707886117409927,0.27576719576719577
42095,35469.0,2023,15548.0,7063.0,0.43835461952691085,0.19913163607657391
42097,8180.0,2023,2763.0,1556.0,0.33777506112469435,0.1902200488997555
42101,331415.0,2023,154588.0,84615.0,0.4664484106030204,0.25531433399212466
42107,14263.0,2023,5667.0,2973.0,0.3973217415690949,0.20844142186075862
42111,6317.0,2023,1542.0,998.0,0.2441032135507361,0.15798638594269432
42125,19568.0,2023,7456.0,3689.0,0.3810302534750613,0.18852207686017988
42129,32966.0,2023,11281.0,5221.0,0.3422010556330765,0.15837529575926712
42133,45816.0,2023,19833.0,8130.0,0.4328837087480356,0.17744892613933996
44003,20510.0,2023,9192.0,5579.0,0.44817162359824475,0.2720136518771331
44005,10884.0,2023,5994.0,2579.0,0.5507166482910695,0.23695332598309446
44007,111239.0,2023,46056.0,23723.0,0.4140274543999856,0.21326153597209613
44009,11276.0,2023,4665.0,2384.0,0.41371053565094007,0.21142249024476764
45003,14926.0,2023,7564.0,3066.0,0.5067667157979365,0.2054133726383492
45007,20755.0,2023,9385.0,4771.0,0.4521801975427608,0.22987231992291013
45013,21877.0,2023,11487.0,4501.0,0.5250719934177447,0.20574118937697125
45015,23097.0,2023,9245.0,6007.0,0.4002684331298437,0.2600770662856648
45019,65685.0,2023,30085.0,16453.0,0.4580193347035092,0.2504833675877293
45035,16942.0,2023,6816.0,3376.0,0.4023137764136466,0.19926809113445873
45041,19474.0,2023,8956.0,4439.0,0.4598952449419739,0.22794495224401767
45043,4647.0,2023,2309.0,835.0,0.4968797073380676,0.17968581880783302
45045,72371.0,2023,32375.0,14492.0,0.44734769451852263,0.2002459548714264
45047,10054.0,2023,3578.0,1942.0,0.3558782574099861,0.19315695245673364
45051,35883.0,2023,15283.0,8041.0,0.42591199175096844,0.22408940166652733
45055,4264.0,2023,1261.0,915.0,0.29573170731707316,0.21458724202626642
45057,7238.0,2023,3792.0,1997.0,0.523901630284609,0.2759049461177121
45059,8358.0,2023,2708.0,1719.0,0.3240009571667863,0.20567121320890164
45063,29692.0,2023,12260.0,6267.0,0.41290583322106966,0.21106695406170012
45073,8829.0,2023,3201.0,1018.0,0.36255521576622496,0.11530184618869634
45075,10034.0,2023,3652.0,2918.0,0.36396252740681684,0.290811241777955
45077,15144.0,2023,5844.0,3627.0,0.38589540412044376,0.23950079239302693
45079,65151.0,2023,35848.0,18720.0,0.5502294669306688,0.2873325044895704
45083,36933.0,2023,16743.0,7823.0,0.45333441637559907,0.21181599111905342
45085,13284.0,2023,5166.0,1157.0,0.3888888888888889,0.0870972598614875
45091,26326.0,2023,13920.0,6268.0,0.5287548431208691,0.23809162045126492
46083,7925.0,2023,2933.0,1073.0,0.3700946372239748,0.13539432176656152
46099,30228.0,2023,12985.0,6660.0,0.42956861188302237,0.2203255260023819
46103,16165.0,2023,6467.0,3657.0,0.4000618620476338,0.2262295081967213
47001,9068.0,2023,3465.0,1527.0,0.3821129245699162,0.1683943537715042
47009,12243.0,2023,4954.0,2076.0,0.40463938577146125,0.16956628277382996
47011,14532.0,2023,5590.0,3133.0,0.38466831819432973,0.21559317368565922
47037,161248.0,2023,76491.0,33590.0,0.47436867434014685,0.20831266124231
47059,6458.0,2023,2273.0,1579.0,0.3519665531124187,0.24450294208733353
47063,8258.0,2023,3827.0,1569.0,0.4634294017922015,0.18999757810607895
47065,57383.0,2023,25176.0,13052.0,0.43873621107296584,0.22745412404370632
47093,68517.0,2023,33233.0,17516.0,0.4850329115402017,0.2556445845556577
47113,15812.0,2023,7381.0,4572.0,0.46679736908676955,0.28914748292436127
47119,14776.0,2023,6406.0,3900.0,0.43354087709799677,0.26394152680021654
47125,37138.0,2023,13716.0,6695.0,0.3693252194517745,0.18027357423663096
47141,13886.0,2023,7228.0,4695.0,0.520524269047962,0.3381103269480052
47147,6768.0,2023,2739.0,1512.0,0.4046985815602837,0.22340425531914893
47149,48686.0,2023,24882.0,10664.0,0.5110709444193403,0.21903627326130715
47155,13079.0,2023,4809.0,1555.0,0.36768866121263094,0.11889288171878584
47157,168231.0,2023,79782.0,46400.0,0.474240776075753,0.2758112357413319
47163,16799.0,2023,6535.0,2364.0,0.38901125066968273,0.14072266206321804
47165,23873.0,2023,10162.0,4686.0,0.42566916600343485,0.1962886943408872
47179,19431.0,2023,9385.0,5218.0,0.48299109670114765,0.2685399619165251
47187,19800.0,2023,8106.0,3482.0,0.4093939393939394,0.17585858585858585
47189,12752.0,2023,4554.0,1680.0,0.3571204516938519,0.13174404015056462
48005,11108.0,2023,5711.0,3238.0,0.5141339575081023,0.291501620453727
48021,9763.0,2023,3422.0,1715.0,0.3505070162859777,0.1756632182730718
48027,60254.0,2023,27725.0,14225.0,0.4601354266936635,0.23608391144156404
48029,308525.0,2023,150075.0,72072.0,0.4864273559679118,0.23360181508791833
48037,12875.0,2023,7585.0,2837.0,0.589126213592233,0.2203495145631068
48039,37215.0,2023,17859.0,7945.0,0.47988714228133816,0.21348918446862825
48041,50033.0,2023,28841.0,19530.0,0.5764395498970679,0.39034237403313815
48061,48372.0,2023,20375.0,9288.0,0.4212147523360622,0.19201190771520715
48085,155955.0,2023,71308.0,33790.0,0.4572344586579462,0.21666506364015262
48091,16279.0,2023,8081.0,3519.0,0.4964064131703422,0.21616806929172552
48099,10747.0,2023,3042.0,863.0,0.28305573648460036,0.08030147948264632
48113,493482.0,2023,245350.0,116620.0,0.4971812548380691,0.23632067633672554
48121,125712.0,2023,60970.0,29891.0,0.4849974544991727,0.23777364133893344
48135,23659.0,2023,9423.0,3810.0,0.3982839511391014,0.1610380827592037
48139,19103.0,2023,8837.0,5481.0,0.4625974977752185,0.2869182850861121
48141,110453.0,2023,53702.0,25344.0,0.4861977492689198,0.2294550623342055
48157,69346.0,2023,36868.0,20806.0,0.5316528711100856,0.3000317249733222
48167,45337.0,2023,21346.0,12214.0,0.47082956525575137,0.2694046805037828
48181,19056.0,2023,10291.0,4596.0,0.5400398824517213,0.241183879093199
48183,19172.0,2023,9202.0,4743.0,0.47997079073649074,0.24739203004381388
48187,13182.0,2023,4848.0,2137.0,0.3677742375967228,0.1621150053102716
48201,802835.0,2023,396147.0,208004.0,0.4934351392253701,0.2590868609365561
48203,7288.0,2023,2631.0,1049.0,0.36100439077936336,0.1439352360043908
48209,38099.0,2023,20434.0,11542.0,0.5363395364707735,0.3029475839260873
48213,7327.0,2023,2765.0,1340.0,0.37737136617988265,0.18288521905281835
48215,92752.0,2023,38461.0,21717.0,0.4146649128859755,0.2341405037088149
48221,5013.0,2023,2062.0,1146.0,0.4113305405944544,0.22860562537402754
48231,11347.0,2023,4572.0,1395.0,0.4029258834934344,0.12293998413677625
48245,33099.0,2023,16216.0,8698.0,0.4899241668932596,0.2627873953895888
48251,16422.0,2023,7926.0,4123.0,0.4826452320058458,0.2510656436487639
48257,9755.0,2023,4793.0,1886.0,0.4913377754997437,0.19333675038441825
48291,6329.0,2023,3302.0,1609.0,0.5217253910570391,0.2542265760783694
48303,61085.0,2023,31281.0,15285.0,0.5120897110583613,0.25022509617745764
48309,34135.0,2023,18283.0,11583.0,0.5356086128607002,0.3393291343196133
48329,24336.0,2023,8497.0,3728.0,0.3491535174227482,0.1531886916502301
48339,80212.0,2023,35801.0,18035.0,0.44632972622550243,0.2248416695756246
48347,10656.0,2023,4691.0,3004.0,0.44022147147147145,0.2819069069069069
48355,54250.0,2023,24014.0,9619.0,0.44265437788018436,0.17730875576036867
48361,9307.0,2023,4038.0,2544.0,0.4338669818416246,0.27334264532072633
48367,11470.0,2023,5714.0,2587.0,0.4981691368788143,0.22554489973844813
48375,17371.0,2023,7049.0,2846.0,0.40579126129756493,0.16383627885556387
48381,17479.0,2023,7577.0,2899.0,0.4334916185136449,0.1658561702614566
48397,8521.0,2023,3914.0,1972.0,0.459335758713766,0.23142823612252084
48409,8120.0,2023,3754.0,1607.0,0.4623152709359606,0.1979064039408867
48423,24786.0,2023,12241.0,5274.0,0.49386750585007666,0.21278140885984023
48427,6296.0,2023,2787.0,1845.0,0.4426620076238882,0.29304320203303685
48439,333075.0,2023,179249.0,85961.0,0.5381640771597989,0.2580830143361105
48441,22300.0,2023,11139.0,3959.0,0.49950672645739913,0.1775336322869955
48451,19578.0,2023,9964.0,5072.0,0.5089386045561345,0.25906629890693633
48453,291290.0,2023,139803.0,62279.0,0.479944385320471,0.21380411273988123
48469,11166.0,2023,4500.0,2568.0,0.4030091348737238,0.22998387963460504
48471,11003.0,2023,4965.0,3027.0,0.4512405707534309,0.2751067890575298
48479,28781.0,2023,13653.0,7551.0,0.4743754560300198,0.2623605851082311
48485,17702.0,2023,7492.0,3114.0,0.42322901367077165,0.1759123262908146
48491,90388.0,2023,45786.0,22014.0,0.5065495419745984,0.2435500287648803
48497,4930.0,2023,2258.0,651.0,0.45801217038539555,0.13204868154158214
49005,18383.0,2023,8289.0,2860.0,0.4509057281183702,0.15557852363596802
49011,26568.0,2023,10607.0,4184.0,0.39923968684131284,0.1574826859379705
49035,150777.0,2023,64956.0,31683.0,0.43080841242364554,0.21013151873296326
49045,4000.0,2023,1113.0,533.0,0.27825,0.13325
49049,70352.0,2023,30079.0,14111.0,0.42755003411416875,0.20057709802137821
49053,19509.0,2023,11274.0,5214.0,0.5778871290173766,0.26726126403198525
49057,24899.0,2023,11050.0,4701.0,0.44379292341057874,0.18880276316317923
50007,24697.0,2023,11424.0,5705.0,0.46256630359962747,0.23099971656476495
51003,15741.0,2023,7683.0,4020.0,0.4880884314846579,0.25538402896893464
51013,67245.0,2023,26627.0,11417.0,0.39596996059186557,0.16978213993605473
51015,6424.0,2023,2924.0,1382.0,0.4551681195516812,0.2151307596513076
51019,5997.0,2023,2308.0,1428.0,0.38485909621477404,0.2381190595297649
51041,30598.0,2023,14946.0,7360.0,0.4884632982547879,0.24053859729394078
51059,134639.0,2023,56078.0,26470.0,0.4165063614554475,0.19659979649284381
51061,4848.0,2023,1381.0,619.0,0.28485973597359737,0.1276815181518152
51069,6111.0,2023,2039.0,1078.0,0.33366061201112746,0.1764032073310424
51085,8420.0,2023,3360.0,1462.0,0.3990498812351544,0.17363420427553444
51087,50497.0,2023,24494.0,12082.0,0.48505851832782143,0.23926173832108838
51095,8020.0,2023,4472.0,2822.0,0.5576059850374064,0.3518703241895262
51107,32041.0,2023,13025.0,7324.0,0.40651040853905934,0.22858212914703036
51121,16423.0,2023,5713.0,3926.0,0.3478657979662668,0.23905498386409305
51153,38142.0,2023,17027.0,7171.0,0.446410780766609,0.18800797021655918
51161,9854.0,2023,3613.0,1313.0,0.36665313578242337,0.13324538258575197
51165,7547.0,2023,2831.0,1611.0,0.37511594010865246,0.21346230290181528
51177,11092.0,2023,6266.0,2548.0,0.5649116480346196,0.2297151099891814
51179,10211.0,2023,4171.0,2048.0,0.40848104984820294,0.20056801488590736
51199,9035.0,2023,3691.0,2273.0,0.4085224128389596,0.2515771997786386
51510,43645.0,2023,18807.0,7358.0,0.43090846603276434,0.16858746706381028
51550,23397.0,2023,13034.0,6787.0,0.557079967517203,0.29007992477668076
51650,25509.0,2023,13039.0,6263.0,0.5111529264181269,0.24552118860010191
51680,14853.0,2023,6444.0,3816.0,0.4338517471217936,0.25691779438497275
51700,39129.0,2023,18675.0,9025.0,0.4772674998083263,0.23064734595824068
51710,52106.0,2023,26477.0,14370.0,0.508137258665029,0.27578397881242084
51740,18037.0,2023,9966.0,5289.0,0.5525309086876975,0.29323058158230303
51760,57323.0,2023,27858.0,15398.0,0.48598293878547877,0.26861818118381803
51770,21653.0,2023,8085.0,3595.0,0.37338936867870504,0.16602780215212673
51800,11693.0,2023,6589.0,3973.0,0.5634995296331138,0.33977593431967845
51810,61187.0,2023,30974.0,14586.0,0.5062186412146371,0.23838397045123963
53005,23624.0,2023,10785.0,6581.0,0.4565272604131392,0.27857263799525905
53007,11418.0,2023,4665.0,1960.0,0.40856542301629006,0.17165878437554738
53009,9955.0,2023,4622.0,1794.0,0.46428930185836265,0.18021094927172276
53011,67249.0,2023,33078.0,14448.0,0.4918734851075852,0.2148433433954408
53015,14081.0,2023,5451.0,2786.0,0.38711739223066544,0.19785526596122435
53021,10265.0,2023,3600.0,1428.0,0.35070628348757915,0.13911349245007307
53025,12798.0,2023,5079.0,2598.0,0.39685888420065635,0.20300046882325362
53027,7681.0,2023,2863.0,1427.0,0.3727379247493816,0.1857831011587033
53029,8350.0,2023,4584.0,2228.0,0.5489820359281438,0.26682634730538923
53033,421854.0,2023,185731.0,91574.0,0.4402731750795299,0.2170751018124754
53035,31962.0,2023,16653.0,8516.0,0.5210249671484888,0.2664413991615043
53041,8316.0,2023,3211.0,1796.0,0.38612313612313615,0.21596921596921598
53045,3992.0,2023,1827.0,1077.0,0.45766533066132264,0.26978957915831664
53053,127095.0,2023,58943.0,28665.0,0.4637711947755616,0.22553995043078012
53057,15646.0,2023,7378.0,3546.0,0.47155822574459927,0.2266393966509012
53061,104621.0,2023,52867.0,25904.0,0.5053191997782472,0.2475984744936485
53063,78783.0,2023,38352.0,21905.0,0.48680552911161035,0.27804221722960537
53067,40104.0,2023,21188.0,9054.0,0.528326351486136,0.22576301615798922
53073,34542.0,2023,19893.0,9321.0,0.5759075907590759,0.2698454055931909
53077,34133.0,2023,14406.0,6238.0,0.42205490287991093,0.18275569097354466
54003,13955.0,2023,5989.0,1599.0,0.4291651737728413,0.11458258688642063
54011,15665.0,2023,7459.0,3707.0,0.4761570379827641,0.23664219597829556
54033,7432.0,2023,2758.0,1131.0,0.3710979547900969,0.15217976318622176
54039,22135.0,2023,8402.0,4287.0,0.37957985091484076,0.19367517506211882
54061,18824.0,2023,7174.0,3895.0,0.38110922226944327,0.20691670208244795
54081,7638.0,2023,3805.0,2589.0,0.4981670594396439,0.3389630793401414
54107,9479.0,2023,3538.0,1792.0,0.3732461230087562,0.18904947779301615
55009,39664.0,2023,14476.0,7396.0,0.3649657119806374,0.186466317063332
55017,5563.0,2023,1400.0,597.0,0.2516627718856732,0.10731619629696207
55025,115067.0,2023,54209.0,27609.0,0.4711081369984444,0.2399384706301546
55027,10139.0,2023,3583.0,1189.0,0.3533879080777197,0.11726994772660025
55035,17372.0,2023,6058.0,3181.0,0.3487220815104766,0.18311075293575868
55039,12977.0,2023,4793.0,2002.0,0.3693457655852662,0.15427294444016337
55055,8706.0,2023,3374.0,1598.0,0.3875488169078796,0.18355157362738342
55059,23444.0,2023,9922.0,4434.0,0.42322129329465963,0.18913154751748848
55063,19642.0,2023,7778.0,3075.0,0.3959881885755015,0.15655228591793097
55071,8272.0,2023,2231.0,1454.0,0.26970502901353965,0.17577369439071566
55073,15724.0,2023,4250.0,2282.0,0.2702874586619181,0.14512846603917579
55079,188131.0,2023,82261.0,43496.0,0.4372538284493252,0.231200599582206
55087,22018.0,2023,7542.0,2887.0,0.34253792351712237,0.13111999273321828
55089,9898.0,2023,3662.0,2101.0,0.3699737320670843,0.21226510406142654
55097,10068.0,2023,3318.0,1989.0,0.3295589988081049,0.19755661501787844
55101,21755.0,2023,9085.0,3833.0,0.4176051482417835,0.17618938175132154
55105,19513.0,2023,8481.0,3993.0,0.43463332137549326,0.20463280889663302
55109,8314.0,2023,2656.0,1320.0,0.31946114986769303,0.15876834255472697
55111,8263.0,2023,2124.0,1065.0,0.2570494977611037,0.1288878131429263
55117,14397.0,2023,4318.0,1411.0,0.2999235951934431,0.09800652913801486
55127,12558.0,2023,5219.0,2562.0,0.41559165472208953,0.2040133779264214
55131,12798.0,2023,5688.0,2522.0,0.4444444444444444,0.19706204094389748
55133,41740.0,2023,16221.0,8528.0,0.38862002874940105,0.2043124101581217
55139,24169.0,2023,9835.0,3629.0,0.40692622781248705,0.15015101990152674
55141,8496.0,2023,2470.0,936.0,0.2907250470809793,0.11016949152542373
56021,14254.0,2023,6262.0,3063.0,0.43931527992142555,0.21488704924933352
56025,9172.0,2023,3226.0,1618.0,0.3517226341037942,0.17640645442651548
72013,10636.0,2023,1781.0,807.0,0.1674501692365551,0.07587438886799548
72021,22641.0,2023,8689.0,4652.0,0.38377280155470167,0.2054679563623515
72025,16387.0,2023,6823.0,3051.0,0.41636663208640995,0.18618417037895893
72031,17460.0,2023,6720.0,3369.0,0.3848797250859107,0.1929553264604811
72061,10839.0,2023,2599.0,1361.0,0.2397822677368761,0.12556508903035335
72097,16929.0,2023,5140.0,3070.0,0.30362100537539133,0.18134561994211118
72113,21821.0,2023,6687.0,3085.0,0.3064479171440356,0.14137757206360846
72127,69174.0,2023,24327.0,14200.0,0.3516783762685402,0.20527944025211783
72135,4268.0,2023,1783.0,856.0,0.4177600749765698,0.20056232427366447
72137,8563.0,2023,2021.0,1289.0,0.23601541515823893,0.150531355833236
72139,6472.0,2023,986.0,186.0,0.1523485784919654,0.028739184177997527
