,location_name,id,year,val,upper,lower
1,Alabama,1,2000,74.3647630301986,74.5694995642658,74.1544993569503
69,Alaska,2,2000,76.391838507254,76.7750300027253,76.0396895920919
108,Arizona,4,2000,77.2694115849461,77.4685320997256,77.0592821490041
124,Arkansas,5,2000,74.8723421695541,75.1379915639899,74.6135568597888
200,California,6,2000,78.1386641593563,78.2271740280031,78.0510368519435
259,Colorado,8,2000,78.1588328340536,78.3854858365341,77.9194248929375
324,Connecticut,9,2000,78.2625137319548,78.5240229421802,78.0083716540173
333,Delaware,10,2000,76.2110078379125,76.5563759872894,75.8535250881164
337,District of Columbia,11,2000,72.0313998468045,72.4896299647656,71.5852675633217
339,Florida,12,2000,77.2478700787792,77.3672713841193,77.1216400909946
408,Georgia,13,2000,74.983556958557,75.1285918807271,74.8343476679783
568,Hawaii,15,2000,79.5316586881017,79.8812063693704,79.158209050663
574,Idaho,16,2000,77.8457537879883,78.1918484135839,77.489645067498
619,Illinois,17,2000,76.5431750501879,76.6730525892274,76.4037782462728
722,Indiana,18,2000,75.9779466272504,76.1651491544261,75.811786037254
815,Iowa,19,2000,78.3131618415975,78.5665349796913,78.032227465809
915,Kansas,20,2000,77.2360160255078,77.506147147208,76.9473008680989
1021,Kentucky,21,2000,75.0119028054262,75.2280463123912,74.7987004576855
1142,Louisiana,22,2000,74.0838879084404,74.2877587688821,73.8850040508052
1207,Maine,23,2000,77.410061324501,77.7624568913394,77.0593667131148
1224,Maryland,24,2000,76.1189365021888,76.3043521035801,75.9432533747805
1249,Massachusetts,25,2000,78.1555783018435,78.352551850104,77.9626364605494
1264,Michigan,26,2000,76.3111135659189,76.4669534589723,76.1791215499515
1348,Minnesota,27,2000,78.9296141362235,79.148384502819,78.7095224299176
1436,Mississippi,28,2000,73.4047923656247,73.6665737406881,73.1643642972132
1519,Missouri,29,2000,75.989971796304,76.1728778038535,75.8013093597182
1635,Montana,30,2000,77.1107376161213,77.4688911884775,76.741800078385
1693,Nebraska,31,2000,78.0202082821797,78.3295214349172,77.7049660478371
1787,Nevada,32,2000,75.7409085767302,76.0055624163977,75.4761895759348
1805,New Hampshire,33,2000,78.3852524738004,78.7213048377003,78.0473760486732
1816,New Jersey,34,2000,77.3089757530366,77.4768390694254,77.1466148114012
1838,New Mexico,35,2000,77.1728633899835,77.5065431443766,76.8325034665121
1872,New York,36,2000,77.7334219172541,77.8435330473076,77.6188099337217
1935,North Carolina,37,2000,75.4752310770199,75.636510709646,75.315212219355
2036,North Dakota,38,2000,78.0880783968898,78.4618798455198,77.6959112556158
2090,Ohio,39,2000,76.2570938434285,76.3973040063419,76.1190632432581
2179,Oklahoma,40,2000,75.0104694667204,75.2354639814809,74.7731965631062
2257,Oregon,41,2000,77.711516653239,77.936717466193,77.4692396418322
2294,Pennsylvania,42,2000,76.6367348628573,76.7737966998101,76.508423112059
2362,Rhode Island,44,2000,77.9293545013325,78.2909938473893,77.5466326803448
2368,South Carolina,45,2000,74.6841417712437,74.899284913095,74.4869013102946
2415,South Dakota,46,2000,77.3415255445241,77.7017000756598,76.9688401288066
2484,Tennessee,47,2000,74.6455814072361,74.8255226086041,74.4646235088055
2580,Texas,48,2000,76.4580940527091,76.5587138153951,76.3577273015451
2835,Utah,49,2000,78.4218391503681,78.6919803770808,78.1531311213757
2865,Vermont,50,2000,77.9928803974676,78.3420855468552,77.6314518238658
2880,Virginia,51,2000,76.6622968696218,76.834502069891,76.4936360490226
3017,Washington,53,2000,78.1146748023205,78.3168925617191,77.9198071894739
3057,West Virginia,54,2000,74.8267053417695,75.1528459129053,74.5218947892318
3113,Wisconsin,55,2000,77.8526885744263,78.0612485039938,77.6554469569404
3186,Wyoming,56,2000,76.8685489895431,77.2663451309888,76.4913995299919
3211,Alabama,1,2001,74.4555316035812,74.663678731182,74.262420286398
3279,Alaska,2,2001,76.6423474542815,77.007863571711,76.2618676404508
3318,Arizona,4,2001,77.4552316260368,77.6632254837285,77.2504500791278
3334,Arkansas,5,2001,75.0800423608139,75.3474430337039,74.8229111522866
3410,California,6,2001,78.0964335999573,78.1826132677298,78.0156916748816
3469,Colorado,8,2001,78.1104969816423,78.3333824067263,77.8865463643498
3534,Connecticut,9,2001,78.5294999408841,78.7794044092851,78.2760340954552
3543,Delaware,10,2001,76.5669740547293,76.9497515086023,76.240082326436
3547,District of Columbia,11,2001,72.1150667028426,72.5606687409893,71.6722265838505
3549,Florida,12,2001,77.2744784585275,77.3920566607093,77.1520808610562
3618,Georgia,13,2001,75.1066229373431,75.2613089283914,74.953150130773
3778,Hawaii,15,2001,79.8772567368634,80.223784212293,79.5103128012279
3784,Idaho,16,2001,77.9796836108816,78.3260231690926,77.6236594894955
3829,Illinois,17,2001,76.7676990592176,76.9073113407248,76.6347910572924
3932,Indiana,18,2001,76.1773430528036,76.3652352373893,75.9986935736445
4025,Iowa,19,2001,78.5665159676393,78.8530773200974,78.2796838153587
4125,Kansas,20,2001,77.2549156286963,77.5203372799074,76.9829227155769
4231,Kentucky,21,2001,75.0024006392281,75.207613578976,74.7946129781045
4352,Louisiana,22,2001,74.009585656893,74.2035841880696,73.8073734077903
4417,Maine,23,2001,77.5574583870522,77.8928147251118,77.2534809565902
4434,Maryland,24,2001,76.2492797835122,76.4308422106176,76.0421540046111
4459,Massachusetts,25,2001,78.1585776859527,78.3420389175565,77.9714455022648
4474,Michigan,26,2001,76.5491179681146,76.7014750336155,76.3968054277304
4558,Minnesota,27,2001,79.0964285946846,79.3094733084014,78.863391146563
4646,Mississippi,28,2001,73.6506406972464,73.8819108057566,73.3988919473914
4729,Missouri,29,2001,76.0651298471343,76.2501173153006,75.8823902592053
4845,Montana,30,2001,77.1455551202186,77.5278552038486,76.7760632028651
4903,Nebraska,31,2001,78.1836037816514,78.4920451855165,77.8711864450688
4997,Nevada,32,2001,75.7432730297088,76.0306673101478,75.4696414422602
5015,New Hampshire,33,2001,78.0963984104562,78.4218797610026,77.751185584077
5026,New Jersey,34,2001,77.3260652458656,77.4896589491785,77.1625238634726
5048,New Mexico,35,2001,77.0285201399918,77.3321844185886,76.6958534604551
5082,New York,36,2001,77.6479462646036,77.7611102322251,77.530763888156
5145,North Carolina,37,2001,75.863330632342,76.0224556238393,75.703822740354
5246,North Dakota,38,2001,78.7778635815663,79.1332027094149,78.4113624701443
5300,Ohio,39,2001,76.3685286300556,76.4960620913415,76.2305300270333
5389,Oklahoma,40,2001,75.2281824217508,75.457894457976,74.9973719808881
5467,Oregon,41,2001,77.6989514065641,77.933259587403,77.447677645979
5504,Pennsylvania,42,2001,76.7736025358107,76.9087540928426,76.6406472011282
5572,Rhode Island,44,2001,77.7200951175339,78.0684803227385,77.3472170337768
5578,South Carolina,45,2001,74.9722892683725,75.1972262350053,74.7540340610397
5625,South Dakota,46,2001,77.6921979290437,78.0298812920398,77.3232148797113
5694,Tennessee,47,2001,74.8924906861344,75.0837583966991,74.7097657926179
5790,Texas,48,2001,76.4705168634274,76.5703693994407,76.372143502577
6045,Utah,49,2001,78.575600938152,78.8402591167879,78.2965220049025
6075,Vermont,50,2001,78.4707261635993,78.8562542353035,78.0900550734249
6090,Virginia,51,2001,76.8947815384393,77.0625591118105,76.7245740146361
6227,Washington,53,2001,78.197851699511,78.3812060059825,78.0072847689742
6267,West Virginia,54,2001,74.9848752161616,75.2805070801162,74.6912289593344
6323,Wisconsin,55,2001,77.9604952455846,78.1617443038536,77.760858877122
6396,Wyoming,56,2001,76.8798235637567,77.2584010007523,76.5191959247543
6421,Alabama,1,2002,74.4393609134199,74.6547487612514,74.2392058633671
6489,Alaska,2,2002,77.121377411214,77.5223340245346,76.7144468326534
6528,Arizona,4,2002,77.3944582838879,77.5975498685362,77.175797893607
6544,Arkansas,5,2002,74.8969745901137,75.1638504834037,74.6422794748137
6620,California,6,2002,78.2789772738403,78.3631302364837,78.1883199984521
6679,Colorado,8,2002,78.0689919991924,78.2847225333705,77.8543236397543
6744,Connecticut,9,2002,78.6373285927084,78.8911332892421,78.37580274011
6753,Delaware,10,2002,76.5704042573605,76.9009813147683,76.2239475576695
6757,District of Columbia,11,2002,72.1715546369206,72.5983074895446,71.7241330279576
6759,Florida,12,2002,77.3911363031871,77.5085163881686,77.2700847423143
6828,Georgia,13,2002,75.2675813647056,75.4081680505414,75.125502316074
6988,Hawaii,15,2002,79.586000026766,79.9223804721704,79.2360809922839
6994,Idaho,16,2002,78.1262795546064,78.4720750136481,77.7910583469255
7039,Illinois,17,2002,76.8202668896949,76.956358214028,76.6869569883504
7142,Indiana,18,2002,76.3229615180614,76.5042352869641,76.1360961535201
7235,Iowa,19,2002,78.6332144873264,78.907891701583,78.3693117560279
7335,Kansas,20,2002,77.2530656326876,77.5343039720904,76.98212797704
7441,Kentucky,21,2002,74.837014023563,75.0498549370628,74.6285618874831
7562,Louisiana,22,2002,74.0109033211509,74.2099548363982,73.816303339191
7627,Maine,23,2002,77.3666605150183,77.6898563759925,77.0244857185772
7644,Maryland,24,2002,76.4225883092313,76.6103854051947,76.2378451293858
7669,Massachusetts,25,2002,78.2505738081201,78.4486785984091,78.0719605736373
7684,Michigan,26,2002,76.512100350683,76.649874585869,76.3620624975626
7768,Minnesota,27,2002,79.1116667912752,79.3337204078914,78.8783860040244
7856,Mississippi,28,2002,73.5381463116388,73.773451210658,73.2855041853714
7939,Missouri,29,2002,75.9353241274601,76.1294653706504,75.7396246652521
8055,Montana,30,2002,77.2808901785542,77.6369726003914,76.9200288911554
8113,Nebraska,31,2002,77.9465973329021,78.2661980114677,77.6422001382585
8207,Nevada,32,2002,75.7089119400725,75.9711231824491,75.4451180775893
8225,New Hampshire,33,2002,78.5639656171234,78.9084081445396,78.2030022413842
8236,New Jersey,34,2002,77.7039794049397,77.8591291494506,77.5511528785772
8258,New Mexico,35,2002,77.0231768584543,77.3416866844976,76.7109784514579
8292,New York,36,2002,77.9907101666892,78.1025697208343,77.8802018721753
8355,North Carolina,37,2002,76.0284459433566,76.1913394562371,75.8734376587194
8456,North Dakota,38,2002,78.6554346735914,79.00918526878,78.2924375914556
8510,Ohio,39,2002,76.3006818579223,76.4322320259358,76.1700451796006
8599,Oklahoma,40,2002,75.0056397894478,75.2302806865867,74.7847802190208
8677,Oregon,41,2002,77.564887136341,77.801829543108,77.3187807520425
8714,Pennsylvania,42,2002,76.8192505149876,76.9441866938255,76.6785976947542
8782,Rhode Island,44,2002,77.758959272284,78.1138227077435,77.4067215914908
8788,South Carolina,45,2002,75.0407124911131,75.2523582177624,74.811058779883
8835,South Dakota,46,2002,77.9730506904504,78.3382462678512,77.6268846062759
8904,Tennessee,47,2002,74.7135173616108,74.8983827444652,74.5171764881404
9000,Texas,48,2002,76.4748932053602,76.5683494712044,76.369336062711
9255,Utah,49,2002,78.3957608496786,78.6615398187652,78.1314309678131
9285,Vermont,50,2002,78.3928716430945,78.7307001441378,78.0174169572557
9300,Virginia,51,2002,76.9584954594993,77.1373187847276,76.7896217176121
9437,Washington,53,2002,78.2494563120417,78.4377326802468,78.0683787978376
9477,West Virginia,54,2002,74.8066650036201,75.1339157945006,74.4974574507423
9533,Wisconsin,55,2002,78.0097162925092,78.2148099760782,77.7958724877506
9606,Wyoming,56,2002,76.5670754256727,76.975067788377,76.175653116799
9631,Alabama,1,2003,74.4258293268686,74.6257383144667,74.2178578058023
9699,Alaska,2,2003,76.5487357022077,76.94159997549,76.1721559520284
9738,Arizona,4,2003,77.6435681115366,77.8641091504541,77.4424103125876
9754,Arkansas,5,2003,75.229344717939,75.4915860314919,74.9780852847709
9830,California,6,2003,78.2821439951211,78.3639210788713,78.2036343808762
9889,Colorado,8,2003,78.287419583613,78.508982244631,78.0565589038564
9954,Connecticut,9,2003,78.9522330406892,79.213878908872,78.7010232118215
9963,Delaware,10,2003,76.8455344115531,77.1753277719415,76.4788510041863
9967,District of Columbia,11,2003,72.989349079739,73.4520764547293,72.5325668217091
9969,Florida,12,2003,77.5034302641785,77.6277003174282,77.3839298386188
10038,Georgia,13,2003,75.3799780499626,75.5370306002217,75.2290608060879
10198,Hawaii,15,2003,79.750006808233,80.090845446731,79.3975717983387
10204,Idaho,16,2003,78.1911085215718,78.5192065820346,77.8511849857348
10249,Illinois,17,2003,77.1222462902585,77.2510129676256,76.9886279451412
10352,Indiana,18,2003,76.3335375294524,76.5231753645827,76.1624498873193
10445,Iowa,19,2003,78.6831023292523,78.9334095084036,78.4084718743159
10545,Kansas,20,2003,77.5576874660235,77.8107698227039,77.3024322974529
10651,Kentucky,21,2003,75.0459913484443,75.2518048951486,74.8481791115984
10772,Louisiana,22,2003,73.9364370638753,74.1392844230935,73.7309261811362
10837,Maine,23,2003,77.6743329419718,78.0456600793719,77.3296444252961
10854,Maryland,24,2003,76.4982154306622,76.691161489282,76.3064546857505
10879,Massachusetts,25,2003,78.454915648151,78.6379843128792,78.2554635302044
10894,Michigan,26,2003,76.8640710377411,77.0061244479552,76.7210847807142
10978,Minnesota,27,2003,79.5432176690782,79.7714219923214,79.3240976854064
11066,Mississippi,28,2003,73.783583896942,74.0296626468833,73.5335626427194
11149,Missouri,29,2003,76.1562423019691,76.3396434511799,75.9606611674054
11265,Montana,30,2003,77.2840798224075,77.6537928075007,76.9059251048351
11323,Nebraska,31,2003,78.2808356445131,78.5713216815705,77.9603401930445
11417,Nevada,32,2003,75.6256348743354,75.862928519954,75.3785403247485
11435,New Hampshire,33,2003,78.8882287276034,79.2514218259583,78.554509664492
11446,New Jersey,34,2003,77.9606917997633,78.1164136173379,77.7961090416475
11468,New Mexico,35,2003,76.9330567621178,77.2547133061137,76.5981369349028
11502,New York,36,2003,78.3148238736694,78.4306911251963,78.1995093325351
11565,North Carolina,37,2003,76.1068115186273,76.2645534074703,75.9454286134989
11666,North Dakota,38,2003,78.8351777082625,79.2147024919344,78.4344471537724
11720,Ohio,39,2003,76.5001145889537,76.6340438962718,76.3569683606307
11809,Oklahoma,40,2003,75.0406445248248,75.2727577610033,74.8109903640048
11887,Oregon,41,2003,77.8070019394689,78.0621926726901,77.5626466545828
11924,Pennsylvania,42,2003,77.0124867748162,77.1554074011655,76.879503975206
11992,Rhode Island,44,2003,77.943754223125,78.3107433326416,77.5572611599293
11998,South Carolina,45,2003,75.227450187602,75.4344289579361,75.0213219258605
12045,South Dakota,46,2003,78.1998689145623,78.557796611732,77.8290535310364
12114,Tennessee,47,2003,74.7930773507163,74.9734000223275,74.6122068250388
12210,Texas,48,2003,76.7641182759952,76.8691704273,76.6629803126717
12465,Utah,49,2003,78.593373206207,78.8552907955858,78.3350852028494
12495,Vermont,50,2003,78.6851135096945,79.0425505433338,78.3000574304419
12510,Virginia,51,2003,76.9746032977292,77.140163737464,76.7943229850341
12647,Washington,53,2003,78.4074552763975,78.5956832475201,78.226578169651
12687,West Virginia,54,2003,74.7927106602356,75.0854996904304,74.5183635422383
12743,Wisconsin,55,2003,78.4021488695008,78.6098112969708,78.2121134518357
12816,Wyoming,56,2003,77.0490011660308,77.4233187479331,76.6678954506379
12841,Alabama,1,2004,74.5706264066443,74.7795147069098,74.3790578688772
12909,Alaska,2,2004,77.5411833502334,77.9177608790623,77.1411037393582
12948,Arizona,4,2004,77.969276026863,78.1867550666899,77.7699044120849
12964,Arkansas,5,2004,75.381340141264,75.6661123183895,75.0972901119796
13040,California,6,2004,78.7989958597632,78.8820485018569,78.7073353320497
13099,Colorado,8,2004,79.0050921874748,79.2367240468913,78.779571969708
13164,Connecticut,9,2004,79.211653300261,79.469088040793,78.9475707372969
13173,Delaware,10,2004,76.9181144293094,77.256772512775,76.5788607584469
13177,District of Columbia,11,2004,73.2587439409422,73.7411719743457,72.7776923920796
13179,Florida,12,2004,77.6861990384451,77.8097399275188,77.5653971413809
13248,Georgia,13,2004,75.7671935820251,75.9262007100529,75.6229184886265
13408,Hawaii,15,2004,79.8347199440622,80.1903294044807,79.4732499622511
13414,Idaho,16,2004,78.480186576787,78.828172567932,78.1464433105213
13459,Illinois,17,2004,77.5322144856197,77.6753075276853,77.3868531038928
13562,Indiana,18,2004,76.7859221442876,76.9857097867888,76.5848852584002
13655,Iowa,19,2004,79.1212383841757,79.3998887937775,78.8325471313918
13755,Kansas,20,2004,77.8831361422212,78.1539971943071,77.6273816788524
13861,Kentucky,21,2004,75.501477679123,75.7023228651825,75.2739704006287
13982,Louisiana,22,2004,73.9768990702633,74.1694057249685,73.7589992367979
14047,Maine,23,2004,77.8813649507208,78.1926020516035,77.5582331491984
14064,Maryland,24,2004,77.0552986239479,77.2562130397465,76.8433256594137
14089,Massachusetts,25,2004,78.9642247761654,79.1510305618104,78.7782230457652
14104,Michigan,26,2004,77.2187407246095,77.3694351953317,77.0635536183062
14188,Minnesota,27,2004,79.9137150568008,80.1394012519027,79.6880441293248
14276,Mississippi,28,2004,74.0292886269628,74.2879259093637,73.7634366812437
14359,Missouri,29,2004,76.5402737930879,76.7321432426757,76.3443500724262
14475,Montana,30,2004,77.8945442507534,78.2858261716298,77.5249523120958
14533,Nebraska,31,2004,78.8357402533397,79.1380802625011,78.5192752762086
14627,Nevada,32,2004,75.9153618512876,76.1792105094277,75.666112357075
14645,New Hampshire,33,2004,78.6158169989035,78.9674513019751,78.2713174047397
14656,New Jersey,34,2004,78.4032632466807,78.5641548580678,78.2259940076671
14678,New Mexico,35,2004,77.5448735952559,77.8674335511937,77.2073832430001
14712,New York,36,2004,78.6647006937629,78.7855716815253,78.5594100254893
14775,North Carolina,37,2004,76.4512209546211,76.60892612944,76.2867626650098
14876,North Dakota,38,2004,78.9483882106558,79.3194631214437,78.5909445565388
14930,Ohio,39,2004,76.8215590251292,76.958009360769,76.6855308625086
15019,Oklahoma,40,2004,75.3992974495465,75.6379384394478,75.1548331005175
15097,Oregon,41,2004,78.2600670602346,78.5057107531039,78.014343146154
15134,Pennsylvania,42,2004,77.2798266295173,77.4199275947059,77.1416891289149
15202,Rhode Island,44,2004,78.4414726134875,78.7969696272071,78.0931061911902
15208,South Carolina,45,2004,75.6799593452056,75.8955068062689,75.4699615137016
15255,South Dakota,46,2004,78.2691371170198,78.6163662662477,77.9010799153847
15324,Tennessee,47,2004,75.1963066111169,75.3703626075899,75.0009008897341
15420,Texas,48,2004,77.1911365707018,77.2922350815728,77.0894323601667
15675,Utah,49,2004,78.7739727535981,79.0447317974264,78.5037142091524
15705,Vermont,50,2004,78.9499570707894,79.3399084780592,78.5887518116851
15720,Virginia,51,2004,77.5498718827016,77.7182530768674,77.3800918932329
15857,Washington,53,2004,78.9333825646508,79.1278477407236,78.7395530364244
15897,West Virginia,54,2004,75.0315257850877,75.3326161716442,74.7268985231493
15953,Wisconsin,55,2004,78.7340839128243,78.9412609818926,78.5341220846496
16026,Wyoming,56,2004,77.4604144274303,77.8566554547529,77.0540036432931
16051,Alabama,1,2005,74.5206706482467,74.7180410795536,74.3167274708863
16119,Alaska,2,2005,77.3995988595263,77.7776831539356,77.0040566336745
16158,Arizona,4,2005,77.6521693066652,77.8459126811869,77.4507833349444
16174,Arkansas,5,2005,75.4030575284534,75.6617088647693,75.1483301920115
16250,California,6,2005,78.8730425256994,78.958194853681,78.7867916929576
16309,Colorado,8,2005,78.9432155928176,79.1667975860873,78.7230690664455
16374,Connecticut,9,2005,79.3843238091751,79.6501921009188,79.1098144217325
16383,Delaware,10,2005,76.8912465163449,77.2245541344363,76.5428255760412
16387,District of Columbia,11,2005,73.6486731763256,74.1148726551319,73.1650648930134
16389,Florida,12,2005,77.7958701906042,77.9194571518066,77.6794378454664
16458,Georgia,13,2005,75.9887041192802,76.1496475552087,75.835928698563
16618,Hawaii,15,2005,80.0917668030042,80.4310157079314,79.7551870151983
16624,Idaho,16,2005,78.413733955098,78.756855475376,78.0940407989489
16669,Illinois,17,2005,77.6090869381702,77.7391853916866,77.471667308238
16772,Indiana,18,2005,76.6635541116679,76.855959508941,76.4759465786191
16865,Iowa,19,2005,78.9875290597231,79.2422974084907,78.7062221509648
16965,Kansas,20,2005,77.696422545604,77.9839733591385,77.4258014347342
17071,Kentucky,21,2005,75.3545474866683,75.5684358293269,75.140876873189
17192,Louisiana,22,2005,72.737021063553,72.9456745552778,72.5047408596437
17257,Maine,23,2005,77.6866328171961,78.0357785203307,77.3574187664973
17274,Maryland,24,2005,77.2462991635606,77.4471102670598,77.0332367328847
17299,Massachusetts,25,2005,79.2849580836055,79.4851121170421,79.0866512408588
17314,Michigan,26,2005,77.1581066892871,77.3118453047337,77.0091995981275
17398,Minnesota,27,2005,80.0103917894183,80.2316867558132,79.7843969323213
17486,Mississippi,28,2005,73.4514262669902,73.6909411220876,73.2007855780213
17569,Missouri,29,2005,76.5551373318835,76.7597970725752,76.3601616269895
17685,Montana,30,2005,77.8033584859467,78.1879706684746,77.4098720318735
17743,Nebraska,31,2005,78.8291346913523,79.1598446933854,78.5175940696932
17837,Nevada,32,2005,75.769144427677,76.0214467211012,75.5063188877775
17855,New Hampshire,33,2005,78.9555436166185,79.2944424081708,78.6197953033355
17866,New Jersey,34,2005,78.5572670615614,78.7058587305163,78.3927655556994
17888,New Mexico,35,2005,77.4241212860917,77.7149319151077,77.0934588188188
17922,New York,36,2005,78.9211534417414,79.0369923118292,78.8023054794802
17985,North Carolina,37,2005,76.5077322093245,76.6654378672547,76.3584144065694
18086,North Dakota,38,2005,79.6443687864265,80.0365992535489,79.2701886555625
18140,Ohio,39,2005,76.7060824460555,76.8356409323432,76.5705652788271
18229,Oklahoma,40,2005,75.0535473193181,75.277546418112,74.8260989972104
18307,Oregon,41,2005,78.2828146887087,78.5145354968213,78.0525016060059
18344,Pennsylvania,42,2005,77.2270351276506,77.3607650716254,77.0968088932779
18412,Rhode Island,44,2005,78.3864223965749,78.7424039669853,78.0486880589025
18418,South Carolina,45,2005,75.6245489047835,75.8333499129508,75.4090505545699
18465,South Dakota,46,2005,78.2898752317294,78.6744596245253,77.9217354146916
18534,Tennessee,47,2005,75.1822785487944,75.3690747283206,74.9882084658785
18630,Texas,48,2005,77.3131143246832,77.4162622546514,77.2054424211396
18885,Utah,49,2005,79.0090688933004,79.3025934142049,78.7456438345632
18915,Vermont,50,2005,79.0895353949421,79.4887946539519,78.7551481625019
18930,Virginia,51,2005,77.5676628000438,77.7359052998155,77.3993101813213
19067,Washington,53,2005,78.9343990821151,79.1270751662678,78.733232726304
19107,West Virginia,54,2005,75.2190072368143,75.5069557524985,74.9248196054359
19163,Wisconsin,55,2005,78.6335699851136,78.832318719823,78.4356438538074
19236,Wyoming,56,2005,77.7428869091992,78.1332281038234,77.3402242913635
19261,Alabama,1,2006,74.5425418666667,74.7406887644613,74.3535151914244
19329,Alaska,2,2006,77.4487097125343,77.7859380049641,77.1066465505245
19368,Arizona,4,2006,77.8054551458822,77.9970364099824,77.6057016008099
19384,Arkansas,5,2006,75.555979561022,75.8284780034539,75.2958853225283
19460,California,6,2006,79.1752952888599,79.2634605628793,79.0906031451009
19519,Colorado,8,2006,79.325745326149,79.5531129510533,79.0932613344583
19584,Connecticut,9,2006,79.6777412847255,79.9391244880879,79.4212349396884
19593,Delaware,10,2006,77.5297397641017,77.8700710378555,77.192152573618
19597,District of Columbia,11,2006,74.0289135429436,74.5094594053063,73.5295136347719
19599,Florida,12,2006,78.0443987544153,78.1610802382393,77.9212428437537
19668,Georgia,13,2006,76.137593725965,76.2856475095444,75.9873862682054
19828,Hawaii,15,2006,80.2362705541295,80.5923478818059,79.867426270563
19834,Idaho,16,2006,78.7437985768015,79.0787991390915,78.411271624876
19879,Illinois,17,2006,77.9709895819717,78.1108108974443,77.8348597488096
19982,Indiana,18,2006,76.7826273572687,76.9793929893687,76.5889484434106
20075,Iowa,19,2006,79.2648425277616,79.5530417468463,78.9998085637318
20175,Kansas,20,2006,77.8337171745121,78.095788158756,77.5500612422982
20281,Kentucky,21,2006,75.5068195247591,75.7418913760004,75.2854083612028
20402,Louisiana,22,2006,74.9371271677096,75.1484590919465,74.7386484828209
20467,Maine,23,2006,78.272449738712,78.6118944838223,77.9428513124271
20484,Maryland,24,2006,77.5369954354739,77.7464529608747,77.3329314696356
20509,Massachusetts,25,2006,79.5757445711849,79.7786739092565,79.3835900415907
20524,Michigan,26,2006,77.4594108477466,77.6190214484972,77.3143713485244
20608,Minnesota,27,2006,80.2812716740469,80.5064212427751,80.0662254396177
20696,Mississippi,28,2006,73.9460622619815,74.1896161670872,73.6981934629952
20779,Missouri,29,2006,76.6635758238208,76.8475145860492,76.4765022183353
20895,Montana,30,2006,77.8560171112577,78.2377889797753,77.4797439721629
20953,Nebraska,31,2006,79.0408272089157,79.3614222434844,78.7113951817065
21047,Nevada,32,2006,76.2619685822529,76.5143022175699,76.0069453162588
21065,New Hampshire,33,2006,79.1841267181649,79.5421257645625,78.8401025594671
21076,New Jersey,34,2006,78.8757310483882,79.0463308917039,78.7155538722629
21098,New Mexico,35,2006,77.4542491719403,77.7599788335633,77.1342341248553
21132,New York,36,2006,79.3531879707796,79.4658508542464,79.2294560567799
21195,North Carolina,37,2006,76.7398471227181,76.8951522795573,76.5856428031292
21296,North Dakota,38,2006,79.5415250434559,79.9143860522604,79.1603526269761
21350,Ohio,39,2006,77.0751725734359,77.2134802567295,76.9357848889043
21439,Oklahoma,40,2006,75.357561691783,75.598030602471,75.1252134928633
21517,Oregon,41,2006,78.4502526387227,78.693122767326,78.2200146249761
21554,Pennsylvania,42,2006,77.6020218095983,77.7422158486081,77.4617828587393
21622,Rhode Island,44,2006,78.7686836622752,79.1513179222328,78.4090629010467
21628,South Carolina,45,2006,75.8958139397282,76.1298824047524,75.6724474755108
21675,South Dakota,46,2006,78.7262345839556,79.0850302930774,78.3739749086
21744,Tennessee,47,2006,75.4619777593128,75.6474885553132,75.2829172263931
21840,Texas,48,2006,77.5718055054854,77.6726113089408,77.4678132199103
22095,Utah,49,2006,79.2031167340108,79.471958099553,78.9225814206417
22125,Vermont,50,2006,79.5673831158945,79.9512266270181,79.1894812572936
22140,Virginia,51,2006,77.9287527897518,78.1045278485312,77.7593278516916
22277,Washington,53,2006,79.262712379242,79.4616765560409,79.0576420890548
22317,West Virginia,54,2006,75.1631317459087,75.4711042303582,74.8644820567008
22373,Wisconsin,55,2006,78.9698406405126,79.1745829731185,78.7601067742171
22446,Wyoming,56,2006,77.3163640373677,77.7212128650809,76.9330666991151
22471,Alabama,1,2007,74.8137764467619,75.0318848504211,74.6030701898507
22539,Alaska,2,2007,77.7276111686293,78.0959339891026,77.3405344675479
22578,Arizona,4,2007,78.4140877026291,78.613787148873,78.2106775210685
22594,Arkansas,5,2007,75.6411209746375,75.9055496252506,75.3871532248823
22670,California,6,2007,79.6105461827477,79.6983966521772,79.5247714136931
22729,Colorado,8,2007,79.5203097753367,79.7353871780379,79.3015905596543
22794,Connecticut,9,2007,80.0727224697357,80.3456953809741,79.8213202324449
22803,Delaware,10,2007,77.5470760051183,77.9121348558827,77.1894478706823
22807,District of Columbia,11,2007,74.5628036809895,75.0645410495278,74.0898176372801
22809,Florida,12,2007,78.4681406471526,78.5981245014461,78.3474800912727
22878,Georgia,13,2007,76.3730197500861,76.5304013893373,76.2150043970653
23038,Hawaii,15,2007,80.4264680806963,80.7560588763681,80.0675469683984
23044,Idaho,16,2007,78.8918776124376,79.2345458091929,78.5293182171814
23089,Illinois,17,2007,78.2923915908402,78.4368547810259,78.1482473134502
23192,Indiana,18,2007,77.3194622732773,77.4956308489557,77.1273012696085
23285,Iowa,19,2007,79.3500722162719,79.6328066604206,79.0780548534518
23385,Kansas,20,2007,78.0992145961026,78.3609445892263,77.8087997116556
23491,Kentucky,21,2007,75.7642246418625,75.9813224600584,75.5340501397836
23612,Louisiana,22,2007,75.1573521331891,75.3762801378939,74.9574540599049
23677,Maine,23,2007,78.3301660590975,78.7067274363342,78.002865732094
23694,Maryland,24,2007,77.7665757386276,77.9668982020313,77.5683076747593
23719,Massachusetts,25,2007,79.7863893043753,79.9733499744628,79.5995864907002
23734,Michigan,26,2007,77.5812052118025,77.7374508201033,77.4245074401397
23818,Minnesota,27,2007,80.5138420178446,80.7532421863144,80.2954028815853
23906,Mississippi,28,2007,74.2915002730717,74.5408416046267,74.0494676142712
23989,Missouri,29,2007,77.0339481976652,77.2534835338144,76.8293612204905
24105,Montana,30,2007,78.1811458336004,78.5730586799012,77.80774506647
24163,Nebraska,31,2007,78.9425651224429,79.2441201875311,78.6293815894441
24257,Nevada,32,2007,76.8614867527856,77.1159885278152,76.6096152764631
24275,New Hampshire,33,2007,79.2795390900617,79.6136907224227,78.9318166123203
24286,New Jersey,34,2007,79.3291536408688,79.5020334451465,79.1624756625198
24308,New Mexico,35,2007,77.5543677956831,77.8683173021705,77.2213041347836
24342,New York,36,2007,79.625464293542,79.7439695321498,79.508389448494
24405,North Carolina,37,2007,76.8948400386961,77.0473857019541,76.7438100492406
24506,North Dakota,38,2007,79.4780826374562,79.9043153514086,79.0713453164305
24560,Ohio,39,2007,77.2510831641277,77.3842411502403,77.114628648709
24649,Oklahoma,40,2007,75.3003966650905,75.5251895487703,75.0813088280875
24727,Oregon,41,2007,78.7049062270054,78.9467974809432,78.4734394566811
24764,Pennsylvania,42,2007,77.9012199266282,78.0364807992971,77.7628707399215
24832,Rhode Island,44,2007,79.0471702754111,79.4094158989549,78.6397209489604
24838,South Carolina,45,2007,76.0432964788054,76.253893320545,75.8378012693227
24885,South Dakota,46,2007,78.8286062497086,79.1958574423429,78.4634019323088
24954,Tennessee,47,2007,75.7683782821161,75.9542812511702,75.5876940032048
25050,Texas,48,2007,77.6368514859587,77.7374805634121,77.5395305124736
25305,Utah,49,2007,79.2232576713011,79.4760639975733,78.9607723093646
25335,Vermont,50,2007,79.5237461658345,79.8858174330985,79.135215044978
25350,Virginia,51,2007,78.09548406376,78.253457767137,77.9278430641143
25487,Washington,53,2007,79.2657772704688,79.455937110445,79.07259607949
25527,West Virginia,54,2007,75.0562103538838,75.3351009107141,74.7548005146618
25583,Wisconsin,55,2007,79.0256747113547,79.219721912046,78.8151655226272
25656,Wyoming,56,2007,77.5803198851549,77.9953330825808,77.1799573849908
25681,Alabama,1,2008,74.9060559811919,75.0949646845044,74.7092644268562
25749,Alaska,2,2008,77.8095860606768,78.1814591009614,77.4260492888012
25788,Arizona,4,2008,78.8958815534935,79.1063237911981,78.6683160846501
25804,Arkansas,5,2008,75.3642170523841,75.6141830211368,75.1166115920613
25880,California,6,2008,79.9685956870958,80.0530171726989,79.88630754461
25939,Colorado,8,2008,79.3955432259961,79.6040165230145,79.1889063056567
26004,Connecticut,9,2008,80.3068460351308,80.5788304401568,80.0420208750519
26013,Delaware,10,2008,77.8268828966908,78.1814931113201,77.5166871146721
26017,District of Columbia,11,2008,75.1198291027131,75.5957118342252,74.6283173557583
26019,Florida,12,2008,78.6720995641107,78.7882291679541,78.5520850507598
26088,Georgia,13,2008,76.5744439540609,76.7238922099809,76.4095874594495
26248,Hawaii,15,2008,80.6670700871485,81.0000472347075,80.3158281058744
26254,Idaho,16,2008,79.053088682609,79.391192998788,78.7120273302784
26299,Illinois,17,2008,78.198452385026,78.329177227721,78.0574581530409
26402,Indiana,18,2008,77.0940272203385,77.2766844483453,76.911644020803
26495,Iowa,19,2008,79.0451851609185,79.2963889258718,78.7756142515211
26595,Kansas,20,2008,78.025002472999,78.2886436449258,77.7528987098361
26701,Kentucky,21,2008,75.7388886743466,75.9415963308045,75.5297029481396
26822,Louisiana,22,2008,75.147094711566,75.3584611645851,74.9333969320949
26887,Maine,23,2008,78.7285431569127,79.0601962705761,78.4006351393676
26904,Maryland,24,2008,78.1522294812658,78.3782918499281,77.9443832230762
26929,Massachusetts,25,2008,79.9888028145637,80.1892211116109,79.806768298522
26944,Michigan,26,2008,77.662251609681,77.8167326473443,77.4989524622829
27028,Minnesota,27,2008,80.3828596692178,80.6243007957423,80.1566535073885
27116,Mississippi,28,2008,74.3487030272336,74.618634869808,74.1075638498677
27199,Missouri,29,2008,76.7979706446457,76.9780003850454,76.6029989510415
27315,Montana,30,2008,77.8116808250782,78.1788312899959,77.4545756422888
27373,Nebraska,31,2008,78.9955837213925,79.300616574354,78.6872599830142
27467,Nevada,32,2008,77.0263747125464,77.2691111729062,76.7835055747294
27485,New Hampshire,33,2008,79.6433304641907,79.9842294903059,79.3030621442432
27496,New Jersey,34,2008,79.5520712878569,79.727757815473,79.3897848154658
27518,New Mexico,35,2008,77.4901720134643,77.8014452787344,77.2088981085955
27552,New York,36,2008,79.8037813616839,79.9254895796771,79.6853339694764
27615,North Carolina,37,2008,77.1465499520388,77.3117098669033,76.9908405543821
27716,North Dakota,38,2008,79.3836519413116,79.7789675861361,78.9885926743825
27770,Ohio,39,2008,77.1851531478337,77.3298060168396,77.0436719733619
27859,Oklahoma,40,2008,75.1392156500865,75.354673173832,74.9243288441103
27937,Oregon,41,2008,78.8533382570271,79.0922437563571,78.6249618344122
27974,Pennsylvania,42,2008,77.9444008860858,78.0784841425657,77.8108291224235
28042,Rhode Island,44,2008,79.1404748066311,79.5415875232952,78.7495288586459
28048,South Carolina,45,2008,76.337680762476,76.5526210537287,76.1135512152102
28095,South Dakota,46,2008,79.004196259636,79.3894045183259,78.6305035906673
28164,Tennessee,47,2008,75.7910440047251,75.973725538527,75.6154769803309
28260,Texas,48,2008,77.7038373335345,77.8045006332746,77.6059892977066
28515,Utah,49,2008,79.5031977588896,79.7531845056377,79.2443761531379
28545,Vermont,50,2008,79.8222302412771,80.2048216375277,79.4416029314782
28560,Virginia,51,2008,78.3153414643089,78.4905424181047,78.1378794417807
28697,Washington,53,2008,79.2963993063028,79.4762364522906,79.1083087825946
28737,West Virginia,54,2008,75.1674012292269,75.4328702503998,74.8876257000461
28793,Wisconsin,55,2008,79.2384266220482,79.4490256949673,79.0252610742151
28866,Wyoming,56,2008,77.9751550056728,78.3832892871143,77.588604970734
28891,Alabama,1,2009,75.2134015302019,75.4073723245005,75.0079957713447
28959,Alaska,2,2009,77.9383568106101,78.2884696815117,77.5726143454076
28998,Arizona,4,2009,79.2806493597231,79.4645872296438,79.0693649650138
29014,Arkansas,5,2009,75.7890089140984,76.0772701630736,75.5237398538601
29090,California,6,2009,80.3359916712436,80.4242802647816,80.2522648950022
29149,Colorado,8,2009,79.7236869417715,79.9448592248535,79.5010265222531
29214,Connecticut,9,2009,80.5419428576339,80.8112655569416,80.2591951994279
29223,Delaware,10,2009,77.9718160886357,78.305792980203,77.6428227911582
29227,District of Columbia,11,2009,75.9450659499368,76.443355510428,75.4481821878395
29229,Florida,12,2009,79.087183143005,79.2163417871739,78.9703742328438
29298,Georgia,13,2009,76.9409776710115,77.0898078435507,76.7946964290001
29458,Hawaii,15,2009,80.6221123323734,80.9593729090873,80.2865160104764
29464,Idaho,16,2009,79.1963634157443,79.5309498827547,78.8794949057042
29509,Illinois,17,2009,78.7098169891073,78.8555547926308,78.564166684498
29612,Indiana,18,2009,77.391798450148,77.5776720292907,77.2110139814239
29705,Iowa,19,2009,79.4424922289655,79.7131852581292,79.1538673173818
29805,Kansas,20,2009,78.5074480528673,78.7894781998201,78.2321409778361
29911,Kentucky,21,2009,75.7847986724638,75.9953177496755,75.5692052261738
30032,Louisiana,22,2009,75.5878058296464,75.7985104103031,75.3837035210363
30097,Maine,23,2009,78.9098457406359,79.2488708206719,78.5486697739313
30114,Maryland,24,2009,78.5248612740304,78.7295405061363,78.312380528178
30139,Massachusetts,25,2009,80.28954682442,80.5001904461893,80.088113919761
30154,Michigan,26,2009,78.0361170788569,78.1918404821229,77.8869207990761
30238,Minnesota,27,2009,80.7564137604839,80.9900717693152,80.5269147355225
30326,Mississippi,28,2009,74.8161308645336,75.0599965062564,74.5634974344731
30409,Missouri,29,2009,77.3269757964572,77.5248598454702,77.1336744183178
30525,Montana,30,2009,78.5142237823206,78.8766247388581,78.1383507930707
30583,Nebraska,31,2009,79.6910996300347,80.0068821753341,79.3938148138138
30677,Nevada,32,2009,77.6448251306879,77.8898808125484,77.3971643511798
30695,New Hampshire,33,2009,79.9948971470699,80.3431488752198,79.6561938596172
30706,New Jersey,34,2009,80.0165831635066,80.177756123485,79.84237282071
30728,New Mexico,35,2009,78.0714753763383,78.3879635035221,77.751251187789
30762,New York,36,2009,80.1419298045246,80.2657637823027,80.0161780802896
30825,North Carolina,37,2009,77.5250617985169,77.6796653254646,77.3705280557446
30926,North Dakota,38,2009,79.6069909587301,80.021012012738,79.2112384054722
30980,Ohio,39,2009,77.5408726484886,77.6840641992755,77.3975742068771
31069,Oklahoma,40,2009,75.6752355064707,75.9030963271008,75.4610443030285
31147,Oregon,41,2009,79.2256019629088,79.4771647021016,78.9899253894461
31184,Pennsylvania,42,2009,78.2914097708937,78.4223611395873,78.1564803133907
31252,Rhode Island,44,2009,79.5682215959333,79.9450074000411,79.1753575486121
31258,South Carolina,45,2009,76.6655012919469,76.8728053695747,76.4536594522716
31305,South Dakota,46,2009,79.2223250680322,79.5911123635714,78.8423057827727
31374,Tennessee,47,2009,76.0751846480815,76.2643135787162,75.9056352078444
31470,Texas,48,2009,78.1105536406228,78.2164153142078,78.0134816961159
31725,Utah,49,2009,80.0093045688924,80.265276950298,79.7440534784995
31755,Vermont,50,2009,79.7890365748869,80.1873693624817,79.3842861410371
31770,Virginia,51,2009,78.7391182148345,78.9093100993345,78.5489325961544
31907,Washington,53,2009,79.6213984424468,79.8073331175727,79.4411442767246
31947,West Virginia,54,2009,75.2946425858492,75.6012287108943,74.9721640051247
32003,Wisconsin,55,2009,79.724564194095,79.9352526766145,79.5317987959214
32076,Wyoming,56,2009,78.0214921293745,78.4231695820067,77.6299222051268
32101,Alabama,1,2010,75.2877666328127,75.49272934703,75.0941953890324
32169,Alaska,2,2010,77.7332112701001,78.0957337274528,77.3692663571532
32208,Arizona,4,2010,79.4673089534108,79.677560357779,79.2564109054298
32224,Arkansas,5,2010,76.0034231676484,76.2589709425827,75.7324848539652
32300,California,6,2010,80.6939798747927,80.7780869769228,80.6007838163159
32359,Colorado,8,2010,80.0245362684764,80.2349905679444,79.7929839113381
32424,Connecticut,9,2010,80.7338881693592,80.9868254425497,80.47693500254
32433,Delaware,10,2010,78.0972449561388,78.4325186386623,77.7589698732067
32437,District of Columbia,11,2010,77.086792445559,77.5661157246108,76.6068308417716
32439,Florida,12,2010,79.2448132114678,79.3603939760796,79.124813803236
32508,Georgia,13,2010,77.1248773411687,77.2666496327303,76.9719042154948
32668,Hawaii,15,2010,81.2371970849169,81.5812596875745,80.8592976998847
32674,Idaho,16,2010,79.2360177798603,79.574351135487,78.88879644225
32719,Illinois,17,2010,78.9745654942389,79.12196282047,78.8245410967732
32822,Indiana,18,2010,77.4648669820904,77.6602819876917,77.2678609364955
32915,Iowa,19,2010,79.5400217500089,79.8202028684276,79.2713576302128
33015,Kansas,20,2010,78.4664243034695,78.7304000113416,78.1586664230497
33121,Kentucky,21,2010,75.821450713024,76.0258536677311,75.6178969543985
33242,Louisiana,22,2010,75.754528199436,75.9770464241298,75.5501127909208
33307,Maine,23,2010,79.0240539543565,79.3783787943169,78.6444838960462
33324,Maryland,24,2010,79.015098901265,79.2229604325602,78.8035980796577
33349,Massachusetts,25,2010,80.4810463271803,80.6887600771736,80.2864603833574
33364,Michigan,26,2010,78.0420300239634,78.192961953435,77.894316422804
33448,Minnesota,27,2010,80.7118342983321,80.9318016423918,80.4993170459922
33536,Mississippi,28,2010,74.7720682279379,75.0234932351744,74.5296729519113
33619,Missouri,29,2010,77.4010447172579,77.5944753641513,77.205502864454
33735,Montana,30,2010,78.3811177953393,78.7462286502231,77.9932693661646
33793,Nebraska,31,2010,79.4806152319658,79.7765847523739,79.1562898374725
33887,Nevada,32,2010,77.904539775332,78.170914400782,77.6290606095402
33905,New Hampshire,33,2010,80.1473663042704,80.5307507826544,79.765112464894
33916,New Jersey,34,2010,80.0380168208336,80.2091866800004,79.8719344634103
33938,New Mexico,35,2010,78.2557795703638,78.6086815916075,77.9092208036829
33972,New York,36,2010,80.4008308075477,80.5222940024235,80.2804797858788
34035,North Carolina,37,2010,77.7551360403461,77.9042453323221,77.5893315014507
34136,North Dakota,38,2010,79.2664792319723,79.6349823429338,78.877234896713
34190,Ohio,39,2010,77.6213741580249,77.7563299734408,77.4851186933319
34279,Oklahoma,40,2010,75.699797696649,75.9354520350228,75.4702120525067
34357,Oregon,41,2010,79.4635642987858,79.6911659920813,79.2196109965964
34394,Pennsylvania,42,2010,78.4719546909579,78.6156295644185,78.3374364376671
34462,Rhode Island,44,2010,79.4914146061359,79.8526030235565,79.1277225475812
34468,South Carolina,45,2010,76.6838044553052,76.8858467768515,76.494863863847
34515,South Dakota,46,2010,79.1693755648348,79.5485811392743,78.7882856713865
34584,Tennessee,47,2010,76.1300136511786,76.3136533300093,75.9497026396427
34680,Texas,48,2010,78.3156594527358,78.4135617567543,78.2183034863457
34935,Utah,49,2010,79.6835018710152,79.9214838561638,79.4300184638323
34965,Vermont,50,2010,79.7243756675317,80.0971199725179,79.3645467915653
34980,Virginia,51,2010,79.0014208902317,79.1681131783986,78.830330617961
35117,Washington,53,2010,79.9952204986944,80.2047860876155,79.7894942012837
35157,West Virginia,54,2010,75.4460284014371,75.7578870174336,75.1183819527277
35213,Wisconsin,55,2010,79.5520596136942,79.7650371952266,79.3510980403666
35286,Wyoming,56,2010,78.3656493122913,78.7532624371699,77.951835273593
35311,Alabama,1,2011,75.3121831969754,75.5083824920926,75.1000724651871
35379,Alaska,2,2011,78.1926753136529,78.5645431166528,77.8457393731506
35418,Arizona,4,2011,79.4801573198768,79.6792406742263,79.2742410559442
35434,Arkansas,5,2011,75.8831848318,76.1347116732166,75.6411032270681
35510,California,6,2011,80.6936003901576,80.7775395442615,80.6074648495419
35569,Colorado,8,2011,80.0111602142514,80.2386890617457,79.8034411950123
35634,Connecticut,9,2011,80.7030698952555,80.9623591275673,80.4308366298741
35643,Delaware,10,2011,78.1559562501361,78.4815907134589,77.8283226847389
35647,District of Columbia,11,2011,77.619731470347,78.0974051248595,77.1643084116547
35649,Florida,12,2011,79.5355465260807,79.6564003306305,79.4097615137046
35718,Georgia,13,2011,77.4878176060984,77.6321857984462,77.336050477848
35878,Hawaii,15,2011,81.3849831194873,81.7115919276069,81.0299109904404
35884,Idaho,16,2011,79.0929455814198,79.418480780102,78.7604647786363
35929,Illinois,17,2011,78.9916166936269,79.137860825288,78.8363357120436
36032,Indiana,18,2011,77.3682823051293,77.5592469879219,77.1821844102493
36125,Iowa,19,2011,79.4777631230331,79.7473120849998,79.2173766264004
36225,Kansas,20,2011,78.4324588459218,78.6993123201579,78.1559889323461
36331,Kentucky,21,2011,75.8175415579769,76.0337326403017,75.602131894716
36452,Louisiana,22,2011,75.9320874876446,76.1497765382073,75.7187016669556
36517,Maine,23,2011,79.0123243523166,79.3583059098344,78.6512641326827
36534,Maryland,24,2011,79.2036192481533,79.4069462133726,79.0096922215791
36559,Massachusetts,25,2011,80.4430595712129,80.6516203488419,80.2311169444299
36574,Michigan,26,2011,78.0508933747488,78.2034213257676,77.907863991272
36658,Minnesota,27,2011,80.7015439535929,80.9332959752455,80.5013259684243
36746,Mississippi,28,2011,74.7681795175202,75.0328297031444,74.5202328433235
36829,Missouri,29,2011,77.4725785136964,77.6583436729477,77.274959866418
36945,Montana,30,2011,78.4458271398454,78.8233291856757,78.0447681124303
37003,Nebraska,31,2011,79.5297534904589,79.8218979865033,79.2133395488994
37097,Nevada,32,2011,77.9634832822107,78.2232419266764,77.6950666208271
37115,New Hampshire,33,2011,79.8891775059161,80.2310678937325,79.5250154940137
37126,New Jersey,34,2011,79.9926372896711,80.1632718584288,79.8168682691605
37148,New Mexico,35,2011,78.205478931475,78.539598051488,77.9005891870189
37182,New York,36,2011,80.4026550250759,80.5151837086745,80.2812460102299
37245,North Carolina,37,2011,77.9001113567299,78.0634419439468,77.74384922268
37346,North Dakota,38,2011,79.1331688348386,79.5182145334922,78.7596654836536
37400,Ohio,39,2011,77.4757640253344,77.6198576527549,77.3319609570835
37489,Oklahoma,40,2011,75.668597626662,75.8886727543856,75.447310187148
37567,Oregon,41,2011,79.373825717251,79.6164701712408,79.127598075893
37604,Pennsylvania,42,2011,78.3025482951059,78.4367575631669,78.172467651893
37672,Rhode Island,44,2011,79.7631736516668,80.1717829737483,79.4042921743541
37678,South Carolina,45,2011,76.8869156295899,77.0967088790546,76.6706058014758
37725,South Dakota,46,2011,79.0790691213804,79.4431520372786,78.7006808245513
37794,Tennessee,47,2011,76.2354359978883,76.4122221781402,76.0537676594124
37890,Texas,48,2011,78.5144344328953,78.6065233044954,78.4145629570575
38145,Utah,49,2011,79.7957961712313,80.0550578671324,79.5562008364468
38175,Vermont,50,2011,80.0207539191828,80.4144741710851,79.6206621485613
38190,Virginia,51,2011,78.9614790917156,79.1313561365184,78.787871760312
38327,Washington,53,2011,79.9819636154165,80.1740474107082,79.7952604040875
38367,West Virginia,54,2011,75.2023897469715,75.5242757566088,74.9057081236978
38423,Wisconsin,55,2011,79.4659481885612,79.6846711632209,79.2534503927979
38496,Wyoming,56,2011,78.1950740985539,78.5967058787671,77.8164295966474
38521,Alabama,1,2012,75.3581424513398,75.5562915671455,75.1508458508799
38589,Alaska,2,2012,78.4752488040054,78.8406719950844,78.1147157828909
38628,Arizona,4,2012,79.491917628019,79.6842858394275,79.2947767734229
38644,Arkansas,5,2012,75.8243120807562,76.0821081738022,75.5876368542545
38720,California,6,2012,80.8297155864657,80.9141901997215,80.7423294341024
38779,Colorado,8,2012,80.128931037353,80.3370930516591,79.903616913689
38844,Connecticut,9,2012,80.8915422473089,81.1617361893211,80.6218135746925
38853,Delaware,10,2012,78.5941227866795,78.9420605639254,78.2608797238441
38857,District of Columbia,11,2012,77.5720523050822,78.0375763974298,77.1179941846309
38859,Florida,12,2012,79.6504762661564,79.761873180128,79.5407883514315
38928,Georgia,13,2012,77.6118252699932,77.756077025456,77.4665832492907
39088,Hawaii,15,2012,81.3588245820256,81.6768794033646,81.0215182084226
39094,Idaho,16,2012,79.1945148446848,79.5168415939219,78.8680119417569
39139,Illinois,17,2012,79.0811604965667,79.2265699817048,78.9430550250951
39242,Indiana,18,2012,77.3397142073443,77.5272997867856,77.158219096697
39335,Iowa,19,2012,79.5699904182188,79.8342025076422,79.3046899017729
39435,Kansas,20,2012,78.4919803350822,78.7640008208301,78.2253090684586
39541,Kentucky,21,2012,75.7383690249983,75.9451095598828,75.5278437329205
39662,Louisiana,22,2012,75.665657183775,75.8748855471939,75.4613035647136
39727,Maine,23,2012,79.238011614069,79.5836526619311,78.8987028719087
39744,Maryland,24,2012,79.2716939174328,79.4686660848944,79.0667196452394
39769,Massachusetts,25,2012,80.6774109666743,80.866643967398,80.4794101603194
39784,Michigan,26,2012,78.1504776027483,78.318035197077,77.9948633651033
39868,Minnesota,27,2012,80.8027446053253,81.0283679650818,80.5803500405901
39956,Mississippi,28,2012,74.9194837947491,75.1723513032526,74.6854328414586
40039,Missouri,29,2012,77.6325389590874,77.8187155839285,77.4283085647427
40155,Montana,30,2012,78.7047614337755,79.0690966988057,78.3268928836602
40213,Nebraska,31,2012,79.4896187405459,79.8051472187607,79.1730611106127
40307,Nevada,32,2012,78.217399623702,78.4659933396095,77.9592359337526
40325,New Hampshire,33,2012,80.1840148573964,80.5292948063552,79.8405102711003
40336,New Jersey,34,2012,80.19859151665,80.3759217699877,80.0300729067686
40358,New Mexico,35,2012,78.2786196924728,78.5899245816806,77.9419323772665
40392,New York,36,2012,80.5844686884232,80.7056753411322,80.4710418625665
40455,North Carolina,37,2012,77.9496732970937,78.1123647626571,77.794129521235
40556,North Dakota,38,2012,79.7910214112895,80.1601666190524,79.4083172667966
40610,Ohio,39,2012,77.5160036966917,77.6552943367637,77.3802687229607
40699,Oklahoma,40,2012,75.8642115800519,76.1048078730127,75.6263818035248
40777,Oregon,41,2012,79.6056154411247,79.8304694873283,79.3608793802055
40814,Pennsylvania,42,2012,78.5119332227181,78.6487178255302,78.3826097901353
40882,Rhode Island,44,2012,79.9695094899303,80.3257826367335,79.6161015669784
40888,South Carolina,45,2012,76.9338271674144,77.1345840188944,76.7163957424568
40935,South Dakota,46,2012,79.1410033048719,79.4870591422692,78.7547295930403
41004,Tennessee,47,2012,76.2129859139645,76.3790086101848,76.0372561615959
41100,Texas,48,2012,78.4730980201497,78.5694395345219,78.3805457345951
41355,Utah,49,2012,79.7597128242488,80.0104503403378,79.5222607445792
41385,Vermont,50,2012,79.6273044652188,80.0059032397407,79.250684311243
41400,Virginia,51,2012,79.1214547688921,79.2907276884815,78.9589882400865
41537,Washington,53,2012,80.0572364269875,80.2378531688942,79.8552085535542
41577,West Virginia,54,2012,75.3538917718475,75.651871799556,75.052284115312
41633,Wisconsin,55,2012,79.6150203355444,79.8164667250365,79.4000821648543
41706,Wyoming,56,2012,78.4857168246347,78.8964323265129,78.0702113684664
41731,Alabama,1,2013,75.3391294346668,75.5278612873781,75.1499853140394
41799,Alaska,2,2013,78.4464777373059,78.8079325956276,78.0934846155013
41838,Arizona,4,2013,79.5993494989088,79.7865826556623,79.4039741355413
41854,Arkansas,5,2013,75.9046991954066,76.153148714411,75.6339508867501
41930,California,6,2013,80.855013362736,80.9447408140978,80.7727503091818
41989,Colorado,8,2013,80.2343425166664,80.4529838849846,80.0074980599896
42054,Connecticut,9,2013,80.9840365709473,81.2601082654176,80.7202014585001
42063,Delaware,10,2013,78.822775040477,79.1434407499689,78.4847251831753
42067,District of Columbia,11,2013,77.5044895794141,77.9505883624578,77.0800044997928
42069,Florida,12,2013,79.7055167818028,79.8260946810157,79.5917055509441
42138,Georgia,13,2013,77.5411039585118,77.6940893418578,77.381827609771
42298,Hawaii,15,2013,81.2158183032737,81.5632493531042,80.8570728831919
42304,Idaho,16,2013,79.2599099181499,79.5698919565122,78.9444718050624
42349,Illinois,17,2013,79.2398902719197,79.3684542940387,79.0973325578895
42452,Indiana,18,2013,77.2165049277174,77.388225205901,77.0323330504817
42545,Iowa,19,2013,79.4389429860787,79.6929813414821,79.1895165433159
42645,Kansas,20,2013,78.6121311583492,78.9036805739095,78.3513682984647
42751,Kentucky,21,2013,76.0747315844408,76.288342578527,75.8616841421017
42872,Louisiana,22,2013,75.4516237576033,75.6625541379514,75.241813038997
42937,Maine,23,2013,78.9696678573002,79.3141536683521,78.634172025738
42954,Maryland,24,2013,79.2558919770407,79.4648566423956,79.0518523661717
42979,Massachusetts,25,2013,80.504679700719,80.7022170663972,80.3105706543011
42994,Michigan,26,2013,78.0407755715382,78.2004133405098,77.8785913157169
43078,Minnesota,27,2013,80.7197344966632,80.9362718651263,80.5091881087533
43166,Mississippi,28,2013,74.6591403544005,74.8999468411908,74.4110704029156
43249,Missouri,29,2013,77.6196240320203,77.8090954537739,77.4112672533505
43365,Montana,30,2013,78.3727961351623,78.7464526420976,77.9990926844261
43423,Nebraska,31,2013,79.5581728536029,79.8661157981349,79.2687974802252
43517,Nevada,32,2013,78.2979239061985,78.5562498551541,78.0483447497465
43535,New Hampshire,33,2013,80.1419069562584,80.4960878943869,79.8155583837058
43546,New Jersey,34,2013,80.2509179435626,80.422716139339,80.0619719803851
43568,New Mexico,35,2013,78.5483758455735,78.8481889091422,78.2345309618709
43602,New York,36,2013,80.6524581747226,80.7728969252687,80.5245696860268
43665,North Carolina,37,2013,78.1011880148344,78.2515386132281,77.9475209910356
43766,North Dakota,38,2013,79.3366768417324,79.7210091966404,78.9825869943014
43820,Ohio,39,2013,77.5672853485568,77.7059909543366,77.4296260120031
43909,Oklahoma,40,2013,75.6285428143534,75.8513410790879,75.39660256407
43987,Oregon,41,2013,79.4744774458108,79.7187402089118,79.2386533658954
44024,Pennsylvania,42,2013,78.5592523695418,78.6958492240418,78.4138477837978
44092,Rhode Island,44,2013,79.6190245696186,80.0103531819377,79.2428353078973
44098,South Carolina,45,2013,76.9089422654464,77.1081774992181,76.7001212707319
44145,South Dakota,46,2013,79.315690939657,79.6510498343109,78.9266450333681
44214,Tennessee,47,2013,76.2524614541748,76.4247779685848,76.0681286569748
44310,Texas,48,2013,78.4644618912813,78.5492785517209,78.3603747791072
44565,Utah,49,2013,79.539759694438,79.7849563565651,79.2892801310467
44595,Vermont,50,2013,79.90055973203,80.3198186047807,79.5128299437284
44610,Virginia,51,2013,79.249277926913,79.4117002383773,79.0702091718022
44747,Washington,53,2013,80.1231410860689,80.3122498347673,79.9216853851977
44787,West Virginia,54,2013,75.5429543921909,75.8482052682883,75.232116450024
44843,Wisconsin,55,2013,79.4637047144477,79.6729776534269,79.2550859786345
44916,Wyoming,56,2013,78.592023647141,78.9888038080737,78.207714474868
44941,Alabama,1,2014,75.5133866732357,75.7296673923081,75.302541417251
45009,Alaska,2,2014,78.7908880589955,79.1764495353961,78.4328799563619
45048,Arizona,4,2014,79.7245135458197,79.9350788014587,79.5243709023322
45064,Arkansas,5,2014,75.9972750450315,76.2484443471058,75.7291918464114
45140,California,6,2014,81.1890094044845,81.2731832172409,81.1031477095675
45199,Colorado,8,2014,80.0171117180062,80.2306043924019,79.8112345295582
45264,Connecticut,9,2014,81.1167486673152,81.3663641344201,80.8578443988776
45273,Delaware,10,2014,78.455184357101,78.7947479068876,78.1081999135123
45277,District of Columbia,11,2014,77.8898845869585,78.3737911835854,77.4233057814505
45279,Florida,12,2014,79.6029594276834,79.7187920803295,79.4844896729966
45348,Georgia,13,2014,77.5615406785667,77.7108334713069,77.4110240004779
45508,Hawaii,15,2014,81.4237620311336,81.7760665203992,81.0893889193833
45514,Idaho,16,2014,79.2319910000658,79.5453720797703,78.9087159722055
45559,Illinois,17,2014,79.1738928007592,79.3116277051248,79.0401220527126
45662,Indiana,18,2014,77.285147204366,77.4574847296282,77.1082140780819
45755,Iowa,19,2014,79.4462738104523,79.7143128865183,79.170481774959
45855,Kansas,20,2014,78.5416398574853,78.8181049971614,78.2534246887516
45961,Kentucky,21,2014,75.8371495729022,76.0480788299291,75.6222136711977
46082,Louisiana,22,2014,75.4527928849414,75.6540734295344,75.255151633201
46147,Maine,23,2014,79.0371379336231,79.3749477586523,78.6863198322473
46164,Maryland,24,2014,79.4229182291889,79.651677675681,79.2139464652829
46189,Massachusetts,25,2014,80.3391659987489,80.5295691533689,80.1421730307234
46204,Michigan,26,2014,77.9718416274406,78.1251436732309,77.8059195105862
46288,Minnesota,27,2014,80.7822354539305,80.9976496498646,80.5655594689573
46376,Mississippi,28,2014,74.778476214029,75.0295468098303,74.536454589714
46459,Missouri,29,2014,77.6036769405539,77.7906095769906,77.4173905365042
46575,Montana,30,2014,78.56121355945,78.9393449941641,78.1922333896196
46633,Nebraska,31,2014,79.4447384952119,79.7802537702828,79.137099070207
46727,Nevada,32,2014,78.5588351849152,78.8127492780471,78.2948378932606
46745,New Hampshire,33,2014,79.6863012272116,80.0614295805761,79.3103151314317
46756,New Jersey,34,2014,80.404953046383,80.5687285549518,80.2380778004581
46778,New Mexico,35,2014,78.1804117860251,78.4890031918888,77.8781210538714
46812,New York,36,2014,80.8985013647879,81.0210391697165,80.7750712847164
46875,North Carolina,37,2014,78.0962925744965,78.2624189378175,77.9498669481739
46976,North Dakota,38,2014,79.0788057491583,79.4641202478077,78.7053788414185
47030,Ohio,39,2014,77.533370294483,77.6648134580257,77.3740092561438
47119,Oklahoma,40,2014,75.7276374536059,75.9461152482718,75.4958165912335
47197,Oregon,41,2014,79.5076856993785,79.7481670147477,79.2743827334888
47234,Pennsylvania,42,2014,78.7224667341954,78.8556479642856,78.5815026435058
47302,Rhode Island,44,2014,79.7615378093863,80.1138595725318,79.3936518989945
47308,South Carolina,45,2014,76.8835765755696,77.0781966134058,76.6694632281102
47355,South Dakota,46,2014,79.2249752530135,79.6061147941495,78.8442271043229
47424,Tennessee,47,2014,76.136248446102,76.3223661088175,75.9628736565442
47520,Texas,48,2014,78.4416040744677,78.5397468932039,78.3477545226451
47775,Utah,49,2014,79.6496149270188,79.8970606297054,79.395348400698
47805,Vermont,50,2014,79.8407676264447,80.2247594946716,79.4517396736303
47820,Virginia,51,2014,79.3443159946134,79.5151826833665,79.1713460233884
47957,Washington,53,2014,80.1204028166336,80.2991444558093,79.9311134985413
47997,West Virginia,54,2014,75.4990914913345,75.795143181458,75.2062279709052
48053,Wisconsin,55,2014,79.5797634320647,79.7871136204243,79.3717827689081
48126,Wyoming,56,2014,78.7015604811764,79.1130273148438,78.3024969873338
48151,Alabama,1,2015,75.3240226744486,75.5322653599477,75.1225287342209
48219,Alaska,2,2015,78.6116686015781,78.987949458313,78.2395194920636
48258,Arizona,4,2015,79.4855959497789,79.6884705865907,79.2731844193973
48274,Arkansas,5,2015,75.7332997875473,75.9879527064661,75.4556861331659
48350,California,6,2015,80.9112244419152,81.0042877939711,80.8207531081202
48409,Colorado,8,2015,79.9393494193554,80.1378414740097,79.7161894628534
48474,Connecticut,9,2015,80.9656929523966,81.2185508834268,80.7081494717383
48483,Delaware,10,2015,78.5409533407905,78.8828363009425,78.1942021231525
48487,District of Columbia,11,2015,77.4449323381722,77.9088334373053,76.9958172536952
48489,Florida,12,2015,79.3761170840901,79.4912000491736,79.2637888311563
48558,Georgia,13,2015,77.3987145064881,77.5482364022256,77.260835895876
48718,Hawaii,15,2015,81.3502526711972,81.6964200091905,81.0062961394016
48724,Idaho,16,2015,79.1463112038394,79.469104763826,78.8156230323446
48769,Illinois,17,2015,79.1598965889141,79.3082865812842,79.0144190750483
48872,Indiana,18,2015,77.0832691321178,77.2689209280909,76.902284796134
48965,Iowa,19,2015,79.3565446116253,79.6430735364249,79.084823203071
49065,Kansas,20,2015,78.3667416982879,78.6334051964609,78.1151305206205
49171,Kentucky,21,2015,75.472115694204,75.6993018047255,75.2431974035945
49292,Louisiana,22,2015,75.5702136243844,75.7909960851554,75.3475571909843
49357,Maine,23,2015,78.5855833214437,78.9338051414082,78.2637055767791
49374,Maryland,24,2015,79.2339063526796,79.4432024078008,79.0412670613041
49399,Massachusetts,25,2015,79.9258487272668,80.1235186391363,79.7436668206081
49414,Michigan,26,2015,77.8720308870895,78.0305653679518,77.7172717951396
49498,Minnesota,27,2015,80.6000523051739,80.8132167780264,80.373388071126
49586,Mississippi,28,2015,74.5456467044684,74.8114118725844,74.2977547031708
49669,Missouri,29,2015,77.3922045904865,77.574761918925,77.1941849174572
49785,Montana,30,2015,78.4644927763691,78.8345179211788,78.0811535473258
49843,Nebraska,31,2015,79.2036412863528,79.5310256208368,78.9004692788566
49937,Nevada,32,2015,78.4240889831159,78.6746969346353,78.1646322422333
49955,New Hampshire,33,2015,79.3816856453849,79.7180125402731,79.0170557451761
49966,New Jersey,34,2015,80.4217840944404,80.5970261308512,80.2602099234112
49988,New Mexico,35,2015,78.2837051288757,78.5883526737862,77.9487490609955
50022,New York,36,2015,80.8459623514273,80.9708378160405,80.7257328062791
50085,North Carolina,37,2015,77.9128819881875,78.0558701649593,77.7582690972862
50186,North Dakota,38,2015,79.3921026382122,79.7790575896089,78.9942884378774
50240,Ohio,39,2015,77.1578196871067,77.3041722619738,77.0095541993498
50329,Oklahoma,40,2015,75.6306260620172,75.8607246548478,75.4004914054662
50407,Oregon,41,2015,79.2806052414935,79.4975511508421,79.0538424856511
50444,Pennsylvania,42,2015,78.3809968826313,78.5113439715723,78.2435270573726
50512,Rhode Island,44,2015,79.2507804275873,79.6022602029404,78.8805510117482
50518,South Carolina,45,2015,76.5920602700468,76.794221526276,76.3747401565176
50565,South Dakota,46,2015,78.9548205251889,79.3331338299899,78.5613763312654
50634,Tennessee,47,2015,76.0229553232723,76.1882583685542,75.8473602512187
50730,Texas,48,2015,78.4234133234702,78.5117505499191,78.3269584162922
50985,Utah,49,2015,79.4928434060539,79.7273139835826,79.2558401908837
51015,Vermont,50,2015,79.2871368223498,79.6629838964851,78.9173927455065
51030,Virginia,51,2015,79.2458596865025,79.4268147640537,79.0671382216385
51167,Washington,53,2015,79.8732671942154,80.0582932046665,79.694409471687
51207,West Virginia,54,2015,75.3334316836894,75.6357066946999,75.0218602388284
51263,Wisconsin,55,2015,79.4706429338312,79.6842897700165,79.2753255777233
51336,Wyoming,56,2015,78.7351586171397,79.1614034073507,78.3117265778071
51361,Alabama,1,2016,75.2270510167261,75.4304940974461,75.0257485594543
51429,Alaska,2,2016,78.8308634516186,79.2263930921779,78.4212351434671
51468,Arizona,4,2016,79.2551029986224,79.4340110775686,79.0685529993142
51484,Arkansas,5,2016,75.7964786255751,76.0606668780612,75.5514747993795
51560,California,6,2016,81.0081875261049,81.1002748091188,80.9250653284961
51619,Colorado,8,2016,79.7536436057583,79.9571755068537,79.5508355063182
51684,Connecticut,9,2016,81.0458318495439,81.3269947453834,80.7750968144345
51693,Delaware,10,2016,78.073097749793,78.4280580000891,77.7192902107144
51697,District of Columbia,11,2016,77.3205934196569,77.7775453087757,76.8729311286599
51699,Florida,12,2016,79.0719225891976,79.1864189198797,78.9561949551778
51768,Georgia,13,2016,77.4416767149617,77.5847946423596,77.2937832105933
51928,Hawaii,15,2016,81.5894086413473,81.9419191497568,81.2259138875796
51934,Idaho,16,2016,79.2025866620835,79.5107960592287,78.8711489268826
51979,Illinois,17,2016,79.172403040513,79.310929481836,79.0303631211571
52082,Indiana,18,2016,76.9496043798706,77.1242263194221,76.7615586804529
52175,Iowa,19,2016,79.3146061298112,79.5734181915583,79.0378730793424
52275,Kansas,20,2016,78.5381725992796,78.8204579518511,78.2638112880113
52381,Kentucky,21,2016,75.2076261484229,75.4262165998957,74.9993296693311
52502,Louisiana,22,2016,75.5351764021264,75.7467411133422,75.3132221496245
52567,Maine,23,2016,78.756914917129,79.1114436761251,78.3986921564193
52584,Maryland,24,2016,78.9190368412757,79.1283292615267,78.7095007707582
52609,Massachusetts,25,2016,80.0350455484742,80.227213202046,79.8436024853878
52624,Michigan,26,2016,77.7724959962846,77.9342570728406,77.6214029955345
52708,Minnesota,27,2016,80.6320796464273,80.8474276166917,80.4019800798245
52796,Mississippi,28,2016,74.6235050945325,74.8577786692549,74.377368022759
52879,Missouri,29,2016,77.4360438397445,77.6318150262299,77.2296162597085
52995,Montana,30,2016,78.4491865261358,78.8412154684947,78.0591535299749
53053,Nebraska,31,2016,79.4966435327674,79.7947966856474,79.1824207821725
53147,Nevada,32,2016,78.3191420295148,78.6029989771542,78.05965789308
53165,New Hampshire,33,2016,79.1688397443699,79.5117351281684,78.8172230781747
53176,New Jersey,34,2016,80.2913919364607,80.4817603838045,80.106745636479
53198,New Mexico,35,2016,78.2352190683399,78.5410172955936,77.9160441773021
53232,New York,36,2016,80.843953789759,80.9808864841045,80.7177397394364
53295,North Carolina,37,2016,77.8929548867088,78.0362172470276,77.7431362000266
53396,North Dakota,38,2016,79.2549542220119,79.6540334175521,78.8529598288388
53450,Ohio,39,2016,76.885548069751,77.0361084216531,76.73752425448
53539,Oklahoma,40,2016,75.7826293868715,76.0041347810833,75.5471748246669
53617,Oregon,41,2016,79.4045714955078,79.6581379942526,79.1640320620918
53654,Pennsylvania,42,2016,78.1856909532427,78.3235736711859,78.0503022665968
53722,Rhode Island,44,2016,79.8182632844455,80.1893324214319,79.4282505300436
53728,South Carolina,45,2016,76.5951467646103,76.8036235994985,76.3942646419826
53775,South Dakota,46,2016,78.6576965607361,79.0223306820811,78.2629692959605
53844,Tennessee,47,2016,75.8612241411512,76.0302331292941,75.6911650970101
53940,Texas,48,2016,78.5607684322631,78.6580324543073,78.4626853456109
54195,Utah,49,2016,79.3842305931153,79.6191988207841,79.1361648469172
54225,Vermont,50,2016,79.7524089937134,80.1385456646325,79.3685011656698
54240,Virginia,51,2016,79.2959980933228,79.4685002800748,79.1190554337155
54377,Washington,53,2016,80.0674984450887,80.250006621217,79.8825296483117
54417,West Virginia,54,2016,75.1993268972506,75.5055741386818,74.9028239548949
54473,Wisconsin,55,2016,79.3755654243941,79.5734121177106,79.167533052061
54546,Wyoming,56,2016,79.1685510606425,79.5699972655209,78.7718408104549
54571,Alabama,1,2017,75.4040007899261,75.604036883795,75.2031347557002
54639,Alaska,2,2017,79.4117632582919,79.8243391625461,79.0169066541042
54678,Arizona,4,2017,79.3610945064348,79.5555466784246,79.1555212544616
54694,Arkansas,5,2017,75.691688691973,75.9631718497554,75.4372973512341
54770,California,6,2017,81.0821994295237,81.1734964141123,80.9889491215407
54829,Colorado,8,2017,79.8769234564157,80.1034583871817,79.6676136904476
54894,Connecticut,9,2017,80.9273194544944,81.2221644662626,80.656662821081
54903,Delaware,10,2017,78.2489009535831,78.6032575576392,77.9083866428936
54907,District of Columbia,11,2017,77.5942359275753,78.0685197476248,77.1237023392253
54909,Florida,12,2017,79.0144278497991,79.1282975892441,78.8993318027498
54978,Georgia,13,2017,77.6175237613111,77.7724060450078,77.4618202111242
55138,Hawaii,15,2017,81.6154472570142,81.9616822680219,81.2650782038508
55144,Idaho,16,2017,78.8917330216707,79.2051526430369,78.5719676197499
55189,Illinois,17,2017,79.1163383073003,79.2550511476216,78.971179072244
55292,Indiana,18,2017,76.6890228611238,76.8761626149094,76.495432087054
55385,Iowa,19,2017,79.1388206475544,79.412314976628,78.8647023544029
55485,Kansas,20,2017,78.3418756438674,78.6077663883787,78.0708467216948
55591,Kentucky,21,2017,75.3223873049364,75.530143713771,75.1254726133699
55712,Louisiana,22,2017,75.3538439732689,75.5716272760328,75.1471781887935
55777,Maine,23,2017,78.5937201312263,78.937990925677,78.2386956483147
55794,Maryland,24,2017,78.9148180248947,79.1188340564174,78.7141039991686
55819,Massachusetts,25,2017,79.8834396149028,80.0656608346537,79.6900696244211
55834,Michigan,26,2017,77.7653253794475,77.9300756152012,77.6190368451967
55918,Minnesota,27,2017,80.5321258832063,80.7485366260174,80.3210951198209
56006,Mississippi,28,2017,74.6625642151266,74.9020221404697,74.4082401535468
56089,Missouri,29,2017,77.2633346926281,77.46764475614,77.058156699008
56205,Montana,30,2017,78.461841324756,78.8544374829322,78.0596969361936
56263,Nebraska,31,2017,79.2629998839459,79.590654746664,78.9580209856166
56357,Nevada,32,2017,78.3986586227499,78.6682659280989,78.1328430333583
56375,New Hampshire,33,2017,79.1676050099264,79.5167401122051,78.8274269039338
56386,New Jersey,34,2017,80.1822554113909,80.3427611068158,80.0081414245993
56408,New Mexico,35,2017,78.3712824857779,78.6746881836707,78.0681079961144
56442,New York,36,2017,81.0314276375646,81.1571864746113,80.9024117668305
56505,North Carolina,37,2017,77.8451674561819,77.9967108515189,77.6941184927205
56606,North Dakota,38,2017,79.2981316108898,79.7074587447326,78.8919063564894
56660,Ohio,39,2017,76.4999562089733,76.6414640798104,76.3608316136403
56749,Oklahoma,40,2017,75.7606082099844,75.9763882377618,75.5265630290943
56827,Oregon,41,2017,79.3951296222718,79.6218144756537,79.1600705658113
56864,Pennsylvania,42,2017,78.0481716821864,78.1832874516795,77.9143731246185
56932,Rhode Island,44,2017,79.5259839313385,79.8957626420534,79.1430582220494
56938,South Carolina,45,2017,76.5973150626913,76.8180934189902,76.3851587653196
56985,South Dakota,46,2017,78.7476071773971,79.1359019355078,78.3619801399762
57054,Tennessee,47,2017,75.6647462247424,75.8410032456039,75.4947196424639
57150,Texas,48,2017,78.5093635990235,78.609954628531,78.4077043078504
57405,Utah,49,2017,79.6036294050532,79.8475961571436,79.3597090694276
57435,Vermont,50,2017,79.6665873940419,80.0573913891393,79.2935488020081
57450,Virginia,51,2017,79.2716740072654,79.4418864412216,79.1035378211165
57587,Washington,53,2017,79.8537179610073,80.0348886606311,79.6606467249546
57627,West Virginia,54,2017,75.0440850948647,75.3607383102778,74.7595976151927
57683,Wisconsin,55,2017,79.3770975869901,79.5759256091042,79.1639914990087
57756,Wyoming,56,2017,79.3663210558912,79.7631824650062,78.9544253557268
57781,Alabama,1,2018,75.4169268202133,75.6112529095632,75.2172615093863
57849,Alaska,2,2018,79.5463162885208,79.9307140062998,79.1581461782286
57888,Arizona,4,2018,79.3391283407702,79.5192311662685,79.1400153887773
57904,Arkansas,5,2018,76.0386303156752,76.3181759984269,75.7746649111155
57980,California,6,2018,81.3217245100424,81.413604691782,81.2319958202276
58039,Colorado,8,2018,80.0033498795232,80.2146083078005,79.782664808707
58104,Connecticut,9,2018,81.1295381049052,81.4009707858845,80.8503554733827
58113,Delaware,10,2018,78.0159979740594,78.372230521991,77.6543037090723
58117,District of Columbia,11,2018,77.4972843724381,77.97384770857,77.0422751355459
58119,Florida,12,2018,79.2139018602877,79.3235576363693,79.094189220919
58188,Georgia,13,2018,77.7401607346484,77.8894316796396,77.5895136555789
58348,Hawaii,15,2018,81.5561566190761,81.8837303239345,81.192828504232
58354,Idaho,16,2018,78.9909770642932,79.3175312216685,78.6665614736024
58399,Illinois,17,2018,79.2966767593398,79.4379689191695,79.1483960386608
58502,Indiana,18,2018,76.9894369591987,77.1614770411174,76.8047792118532
58595,Iowa,19,2018,79.2797372167507,79.5493517004557,78.9937244442743
58695,Kansas,20,2018,78.3142653151124,78.6045276833177,78.0341923506213
58801,Kentucky,21,2018,75.5833833489674,75.7985287458739,75.3708983183667
58922,Louisiana,22,2018,75.5507168217136,75.7559304916694,75.3187888037596
58987,Maine,23,2018,78.6257540424589,78.9747866479845,78.2737250775874
59004,Maryland,24,2018,79.1153082263708,79.3327052250171,78.9085766149913
59029,Massachusetts,25,2018,80.0133444870943,80.2065983747994,79.8226808365366
59044,Michigan,26,2018,77.7583576534371,77.9261881229487,77.5926374135263
59128,Minnesota,27,2018,80.6239545806798,80.8442357120774,80.4135296771079
59216,Mississippi,28,2018,74.8160725077706,75.0838048779446,74.5670642563662
59299,Missouri,29,2018,77.1245928072292,77.3167577737974,76.9224365938228
59415,Montana,30,2018,78.7351998041045,79.131213273051,78.3555167990615
59473,Nebraska,31,2018,79.3121008453741,79.6087188011813,79.0119352729191
59567,Nevada,32,2018,78.8789671763521,79.149488024177,78.6208305702018
59585,New Hampshire,33,2018,79.2333011207205,79.5767594750943,78.8845177726479
59596,New Jersey,34,2018,80.2388738781141,80.4249252555986,80.065809894557
59618,New Mexico,35,2018,78.3994828602185,78.7209145368872,78.065638844608
59652,New York,36,2018,81.1639101207086,81.2811181176009,81.0401765235483
59715,North Carolina,37,2018,78.1406999225605,78.2966175595724,77.9773830034024
59816,North Dakota,38,2018,79.1168461321008,79.5118586963787,78.7249079299115
59870,Ohio,39,2018,76.870929835408,77.0156515849882,76.7251853688915
59959,Oklahoma,40,2018,75.9272342281066,76.1601920110392,75.7077673701755
60037,Oregon,41,2018,79.7351167893151,79.9742864988643,79.4967933600276
60074,Pennsylvania,42,2018,78.4396946981972,78.5727680797615,78.305253342321
60142,Rhode Island,44,2018,79.3945653921439,79.789268051628,79.0116717626248
60148,South Carolina,45,2018,76.5799653751201,76.7767195329025,76.3622244174515
60195,South Dakota,46,2018,78.824229807963,79.1961857627255,78.4463404741258
60264,Tennessee,47,2018,75.6905504898909,75.8701638509974,75.5207155467172
60360,Texas,48,2018,78.6327464931317,78.727919192863,78.5349099922536
60615,Utah,49,2018,79.7893216118206,80.0434800236498,79.5537593945275
60645,Vermont,50,2018,79.90276670257,80.299436136215,79.4880458460423
60660,Virginia,51,2018,79.4227563152138,79.6026490211301,79.2507770808674
60797,Washington,53,2018,80.0569384229969,80.2468849723064,79.8667404046946
60837,West Virginia,54,2018,75.2041027997651,75.5188022921866,74.8783933943975
60893,Wisconsin,55,2018,79.4198194750383,79.6263745440493,79.2230598907123
60966,Wyoming,56,2018,79.1649886122461,79.5942622730968,78.7484884252157
60991,Alabama,1,2019,75.6729074115352,75.8904513432639,75.4660728069872
61059,Alaska,2,2019,79.8564021353634,80.3762991185665,79.3496694598938
61098,Arizona,4,2019,79.4729609325007,79.671583022379,79.2545281463499
61114,Arkansas,5,2019,76.1585726767174,76.423209984462,75.8924506460693
61190,California,6,2019,81.5329084789929,81.6216163361124,81.4431574583461
61249,Colorado,8,2019,80.0239978852434,80.2605718699405,79.7968574350483
61314,Connecticut,9,2019,81.1446803330307,81.4343982398493,80.8541816919225
61323,Delaware,10,2019,78.2965099898561,78.7142906543832,77.8565663997061
61327,District of Columbia,11,2019,77.8819444644058,78.4184477049341,77.3262405957804
61329,Florida,12,2019,79.3615048320484,79.4771411759289,79.2415516590693
61398,Georgia,13,2019,78.0071081302177,78.1650096344663,77.8579881281404
61558,Hawaii,15,2019,81.9257138118279,82.3162059028195,81.5064863046596
61564,Idaho,16,2019,79.1781023277739,79.5214296748643,78.8255018975051
61609,Illinois,17,2019,79.6194143954237,79.7621915578838,79.4704500977572
61712,Indiana,18,2019,77.10524701989,77.2940604155105,76.9126964012279
61805,Iowa,19,2019,79.1432856488875,79.4229246119626,78.8561042938149
61905,Kansas,20,2019,78.433904107054,78.7201413673688,78.1341887077775
62011,Kentucky,21,2019,75.8116944308289,76.0283217015518,75.6096535119273
62132,Louisiana,22,2019,75.7402327335745,75.9713026086436,75.5266756667822
62197,Maine,23,2019,78.7065720632718,79.0823156070591,78.2971205681556
62214,Maryland,24,2019,79.2926757838392,79.5026758663944,79.0607870635814
62239,Massachusetts,25,2019,80.2668009596546,80.4638139362776,80.0636408810028
62254,Michigan,26,2019,78.0106433710317,78.177724893144,77.8496712325262
62338,Minnesota,27,2019,80.5622327182201,80.7726707612496,80.3403075440964
62426,Mississippi,28,2019,74.6827401336973,74.9678657021843,74.4150637985753
62509,Missouri,29,2019,77.5262074101955,77.73581894156,77.310599009925
62625,Montana,30,2019,78.70103018938,79.1515899976194,78.2338355992473
62683,Nebraska,31,2019,79.4667801753764,79.8341796637951,79.1202683069948
62777,Nevada,32,2019,79.063093136792,79.3553339880581,78.7840507648891
62795,New Hampshire,33,2019,79.4396511376042,79.844601083499,79.0262714308883
62806,New Jersey,34,2019,80.5710646899299,80.7668164546173,80.3890300616018
62828,New Mexico,35,2019,78.2539756517834,78.6208448074277,77.8938092165734
62862,New York,36,2019,81.4061596930302,81.5421046209425,81.2766022034763
62925,North Carolina,37,2019,78.2043579239839,78.3602568587776,78.0465789202615
63026,North Dakota,38,2019,78.9876965562189,79.4662140991759,78.5013517618033
63080,Ohio,39,2019,77.0182852169091,77.1627418649697,76.8725683842587
63169,Oklahoma,40,2019,76.1032831810859,76.3581234527613,75.8755988793112
63247,Oregon,41,2019,79.6497163930071,79.9176924243792,79.3936355565743
63284,Pennsylvania,42,2019,78.6728782276154,78.8113239796943,78.53533668765
63352,Rhode Island,44,2019,79.5163086481978,79.9384841786345,79.0851632108139
63358,South Carolina,45,2019,76.7687311795383,76.9939307040274,76.555181027834
63405,South Dakota,46,2019,78.7267982930984,79.2008240290622,78.259175963165
63474,Tennessee,47,2019,75.7585638777568,75.9443751571609,75.5847418295776
63570,Texas,48,2019,78.8699898761883,78.9733232893229,78.771906412388
63825,Utah,49,2019,79.9188472338209,80.1883392647604,79.6542485832718
63855,Vermont,50,2019,79.8681654233346,80.3822683489618,79.3710348856358
63870,Virginia,51,2019,79.6120126970993,79.7838280181238,79.4364277842034
64007,Washington,53,2019,80.1047574822084,80.3100164486321,79.899433829744
64047,West Virginia,54,2019,75.4271172590975,75.7735105293121,75.0544445380868
64103,Wisconsin,55,2019,79.4765570141091,79.6916073455583,79.2744369778563
64176,Wyoming,56,2019,79.0439024967488,79.5649452716007,78.5590393437072
